,model,prompt_method,sample_size,n_samples,KL Divergence,Wasserstein,MMD
56,claude-3-5-sonnet-20240620,self_consistency,rs_size_150,375,7.398525343475033,0.030898561124112805,0.0010886174007229688
229,gpt-3.5-turbo-0125,recursive_criticism_and_improvement,rs_size_10,373,7.64678836885036,0.10206124814711627,0.03012728689157007
34,claude-3-5-sonnet-20240620,least_to_most,rs_size_5,375,7.688352881111826,0.03749194481687805,0.006323353958304745
68,claude-3-5-sonnet-20240620,step_back_prompting,rs_size_150,374,7.877296317518068,0.06517138697957625,0.01123467148245072
101,claude-3-sonnet-20240229,generated_knowledge,rs_size_50,375,8.281418570638495,0.06080078854765656,0.004874515144148717
62,claude-3-5-sonnet-20240620,skeleton_of_thought,rs_size_150,375,9.730254868706332,0.08163246617204101,0.025495982098517667
106,claude-3-sonnet-20240229,least_to_most,rs_size_5,362,9.85724158889253,0.38597315718055814,0.09075553554663274
12,claude-3-5-sonnet-20240620,directional_stimuli,rs_size_10,374,10.087094955210892,0.14701963059748396,0.06358010484351984
258,gpt-3.5-turbo-0125,step_back_prompting,rs_size_10,361,10.093020687647266,0.15757828234458612,0.016879007876606344
26,claude-3-5-sonnet-20240620,generated_knowledge,rs_size_150,375,10.199006246935815,0.09143962471870296,0.031284937170171334
399,llama3:70b,generated_knowledge,rs_size_150,366,10.26335756603078,0.08218513665974632,0.016949424812855884
272,gpt-4o,chain_of_verification,rs_size_25,309,10.483190181480861,0.3969057544153985,0.0747817907528674
96,claude-3-sonnet-20240229,generated_knowledge,rs_size_10,375,10.692118209367111,0.15839847468280552,0.046058155751683705
64,claude-3-5-sonnet-20240620,skeleton_of_thought,rs_size_5,375,10.70645317784748,0.05293575705175975,0.013823864732674496
614,mixtral:8x22b,least_to_most,rs_size_5,242,10.783673921799855,0.18064610247755544,0.06578554937241132
82,claude-3-sonnet-20240229,chain_of_verification,rs_size_5,309,11.004821535894232,0.1310814151712065,0.03442452187992506
107,claude-3-sonnet-20240229,least_to_most,rs_size_50,374,11.101379239937868,0.377139786244995,0.033814327947170986
128,claude-3-sonnet-20240229,self_consistency,rs_size_150,375,11.334905234983774,0.04819903585446881,0.0049790557231133015
130,claude-3-sonnet-20240229,self_consistency,rs_size_5,270,11.382427022657527,0.17894129788520802,0.05604028570016717
483,llama3:8b,recursive_criticism_and_improvement,rs_size_25,74,11.407791342599504,0.0876630626361755,0.01686451416510648
235,gpt-3.5-turbo-0125,rephrase_and_respond,rs_size_10,370,11.691600131739714,0.13530708130304372,0.06116293459419486
22,claude-3-5-sonnet-20240620,emotion_prompt,rs_size_5,375,11.894480690592692,0.07642401235811049,0.02788060956053373
50,claude-3-5-sonnet-20240620,reverse_prompting,rs_size_150,375,12.026272545355695,0.11673628654476075,0.05608299649627835
302,gpt-4o,recursive_criticism_and_improvement,rs_size_25,352,12.071998708614995,0.161020801311291,0.04553469194523441
284,gpt-4o,emotion_prompt,rs_size_25,375,12.095715792413355,0.08857655559363649,0.029610399637634677
105,claude-3-sonnet-20240229,least_to_most,rs_size_25,350,12.375668105666037,0.08589976698644929,0.026869476292949335
295,gpt-4o,least_to_most,rs_size_150,271,12.38424993638173,0.43955563821593674,0.14754821149291097
77,claude-3-sonnet-20240229,chain_of_thought,rs_size_50,325,12.685984754598786,0.05678322178751275,0.004652405441997853
638,mixtral:8x22b,self_consistency,rs_size_5,257,12.812996230975982,0.1150137294058324,0.05826725576913172
309,gpt-4o,rephrase_and_respond,rs_size_5,374,12.873086111818743,0.3162165392546256,0.08070976311251266
316,gpt-4o,reverse_prompting,rs_size_50,232,12.930972437423657,0.2276727069128889,0.05919599111644591
241,gpt-3.5-turbo-0125,reverse_prompting,rs_size_10,266,13.075744053880637,0.15854918271561882,0.02012829272686334
40,claude-3-5-sonnet-20240620,recursive_criticism_and_improvement,rs_size_5,375,13.184280065085815,0.07844790288187523,0.028621065986284666
249,gpt-3.5-turbo-0125,self_consistency,rs_size_25,367,13.194587201525303,0.05354648811593594,0.008096528479474507
299,gpt-4o,recursive_criticism_and_improvement,rs_size_10,373,13.356425633078766,0.2794841640114489,0.08981413553024975
509,llama3:8b,skeleton_of_thought,rs_size_50,318,13.46550798143274,0.2427959181488774,0.07664480146710084
275,gpt-4o,directional_stimuli,rs_size_10,375,13.50885041458697,0.15198398023606233,0.06486527281322862
324,gpt-4o,skeleton_of_thought,rs_size_100,375,13.558737240151181,0.21612688365297927,0.06778820196484592
313,gpt-4o,reverse_prompting,rs_size_150,301,13.633992418676668,0.4778267472286181,0.10378064737563286
137,claude-3-sonnet-20240229,skeleton_of_thought,rs_size_50,375,13.65214560040807,0.0679396763927851,0.008744633538868785
291,gpt-4o,generated_knowledge,rs_size_5,372,13.692931306611012,0.2883360641316381,0.1231417373811583
39,claude-3-5-sonnet-20240620,recursive_criticism_and_improvement,rs_size_25,375,13.74294781687031,0.07034706621602933,0.023352348395752065
281,gpt-4o,emotion_prompt,rs_size_10,375,13.758997198487668,0.1886755010809281,0.0873545827694504
312,gpt-4o,reverse_prompting,rs_size_100,346,13.856972442219904,0.24686447493452665,0.13511156092763255
303,gpt-4o,recursive_criticism_and_improvement,rs_size_5,332,13.958093216473522,0.3779075510056774,0.09964083034311
135,claude-3-sonnet-20240229,skeleton_of_thought,rs_size_25,323,14.084068232882855,0.07820514470889268,0.02336291728615847
317,gpt-4o,self_consistency,rs_size_10,345,14.085249986079612,0.2159205329845368,0.09483781579994499
267,gpt-4o,chain_of_thought,rs_size_5,298,14.101713940771665,0.20346257464676812,0.04408772183695375
294,gpt-4o,least_to_most,rs_size_100,349,14.162668207808276,0.18326271028137953,0.09673697161914707
331,gpt-4o,step_back_prompting,rs_size_150,257,14.195675078508632,0.1237068256088647,0.05252094809946661
217,gpt-3.5-turbo-0125,generated_knowledge,rs_size_10,366,14.282152956673247,0.06382325385128997,0.020760044770751662
429,llama3:70b,self_consistency,rs_size_150,321,14.294845709203772,0.17426636748977073,0.08553820463207895
136,claude-3-sonnet-20240229,skeleton_of_thought,rs_size_5,325,14.439943648928049,0.13710741393156398,0.05740791173611681
293,gpt-4o,least_to_most,rs_size_10,309,14.546210071230337,0.14311228908275578,0.07146445013784364
264,gpt-4o,chain_of_thought,rs_size_10,252,14.59204237284709,0.19582640364593826,0.08504288768698554
270,gpt-4o,chain_of_verification,rs_size_100,365,14.708445479034769,0.3517147742464862,0.10966820440818448
266,gpt-4o,chain_of_thought,rs_size_150,251,14.712982746454855,0.48620977755176903,0.10447281092073468
252,gpt-3.5-turbo-0125,skeleton_of_thought,rs_size_10,367,14.737297577667794,0.06156911588758058,0.01647217509273924
244,gpt-3.5-turbo-0125,reverse_prompting,rs_size_5,302,14.763164849178738,0.3032572934467733,0.1037888429763123
452,llama3:8b,chain_of_verification,rs_size_150,118,14.793753376112619,0.2009716473079665,0.07257477905397036
336,llama2:13b,chain_of_thought,rs_size_25,71,14.882661911134752,0.053662353277666115,0.0072867182203530945
285,gpt-4o,emotion_prompt,rs_size_5,375,15.163348418584558,0.29804211360822797,0.09619998176646827
603,mixtral:8x22b,emotion_prompt,rs_size_50,314,15.315388282305268,0.29623215279023624,0.11881041424884886
405,llama3:70b,least_to_most,rs_size_150,188,15.53879868772874,0.18873474917564456,0.10540906499500546
314,gpt-4o,reverse_prompting,rs_size_25,293,15.579538020324055,0.26478226724797616,0.08112866839039756
417,llama3:70b,rephrase_and_respond,rs_size_150,369,15.580219790680166,0.19784687025467182,0.10155146549640426
274,gpt-4o,chain_of_verification,rs_size_50,306,15.596709360658497,0.5302213158004386,0.12409846763856058
347,llama2:13b,generated_knowledge,rs_size_10,138,15.681789670061148,0.12530593634491008,0.06426175051728267
332,gpt-4o,step_back_prompting,rs_size_25,219,15.733837415845,0.13007997235359578,0.03737864328655238
18,claude-3-5-sonnet-20240620,emotion_prompt,rs_size_10,375,15.748162261604643,0.0926363902861697,0.05678517785251236
296,gpt-4o,least_to_most,rs_size_25,327,15.775884120503356,0.08928604624857082,0.025604758620895618
278,gpt-4o,directional_stimuli,rs_size_25,374,15.831471798522577,0.13002632519148408,0.05716571491936362
327,gpt-4o,skeleton_of_thought,rs_size_5,349,16.095377875760274,0.273285847612637,0.12364470281474205
329,gpt-4o,step_back_prompting,rs_size_10,256,16.25544298846091,0.21182569425197234,0.06278424242467961
8,claude-3-5-sonnet-20240620,chain_of_verification,rs_size_150,375,16.294519981172,0.20230000749248486,0.1351839164089319
504,llama3:8b,skeleton_of_thought,rs_size_10,255,16.54103444398041,0.12220523580770999,0.05681398311371355
113,claude-3-sonnet-20240229,recursive_criticism_and_improvement,rs_size_50,347,16.80150288093369,0.15603110147712584,0.08793781781978427
328,gpt-4o,skeleton_of_thought,rs_size_50,369,16.868046203534053,0.3204289273863649,0.11585659147246052
24,claude-3-5-sonnet-20240620,generated_knowledge,rs_size_10,375,16.881260933471676,0.07851881583711635,0.026388486482306295
632,mixtral:8x22b,reverse_prompting,rs_size_5,141,16.91570449892843,0.48197298029736935,0.18055515491468743
376,llama3:70b,chain_of_thought,rs_size_150,246,16.92115632277706,0.21367218593568385,0.14003700106758066
102,claude-3-sonnet-20240229,least_to_most,rs_size_10,374,16.921283372366826,0.3321062649766417,0.10423775892696607
468,llama3:8b,generated_knowledge,rs_size_10,310,17.03218524530822,0.19395079149909247,0.09827970714568668
688,phi3:medium-128k,skeleton_of_thought,rs_size_25,369,17.07430282324616,0.0939800206772959,0.033932521146858186
300,gpt-4o,recursive_criticism_and_improvement,rs_size_100,355,17.089922248441727,0.3055435882723595,0.13754188601648498
286,gpt-4o,emotion_prompt,rs_size_50,375,17.12170223547562,0.2916808861306759,0.10594246392029527
11,claude-3-5-sonnet-20240620,chain_of_verification,rs_size_50,375,17.13507171966012,0.08208672412097358,0.019685735352775735
280,gpt-4o,directional_stimuli,rs_size_50,368,17.368663844397652,0.17846669511797347,0.08311505163967192
310,gpt-4o,rephrase_and_respond,rs_size_50,375,17.374818385262696,0.11742729312324775,0.07217000589320821
297,gpt-4o,least_to_most,rs_size_5,291,17.396046966685994,0.2770110271855511,0.1008028384040649
503,llama3:8b,self_consistency,rs_size_50,295,17.436033953674663,0.19209827904461887,0.04946801239681031
498,llama3:8b,self_consistency,rs_size_10,291,17.470821957012067,0.20290150883939345,0.08780275922596226
271,gpt-4o,chain_of_verification,rs_size_150,324,17.64223754716254,0.7210118046296865,0.28143111457973535
83,claude-3-sonnet-20240229,chain_of_verification,rs_size_50,349,17.659730663698554,0.31630768162681516,0.1421312727891566
447,llama3:8b,chain_of_thought,rs_size_25,238,17.684839774438498,0.12404322007904948,0.03927403803216212
325,gpt-4o,skeleton_of_thought,rs_size_150,371,17.74926047603754,0.19108374360135252,0.1712475461310452
273,gpt-4o,chain_of_verification,rs_size_5,277,17.751808658199305,0.2806402495527491,0.15421681120569208
435,llama3:70b,skeleton_of_thought,rs_size_150,253,17.845462601238104,0.24518110434971718,0.15456380723953544
387,llama3:70b,directional_stimuli,rs_size_150,320,17.858123149208147,0.20357785302267276,0.12921439317762085
584,mixtral:8x22b,chain_of_thought,rs_size_5,237,17.86967359960114,0.37616584641070905,0.2072671106229318
304,gpt-4o,recursive_criticism_and_improvement,rs_size_50,353,17.888265719309796,0.2512672990411707,0.09680724535991514
319,gpt-4o,self_consistency,rs_size_150,369,18.08052405703185,0.14660608681487577,0.1132719811845464
393,llama3:70b,emotion_prompt,rs_size_150,365,18.1296771768098,0.2346110250780012,0.14622912107157293
2,claude-3-5-sonnet-20240620,chain_of_thought,rs_size_150,375,18.181681689905638,0.16953619138248913,0.1747286435091937
134,claude-3-sonnet-20240229,skeleton_of_thought,rs_size_150,325,18.251432299334,0.3353861297044763,0.16515833386107226
120,claude-3-sonnet-20240229,reverse_prompting,rs_size_10,236,18.295444300866905,0.17280686317942426,0.10713551610403749
691,phi3:medium-128k,step_back_prompting,rs_size_10,280,18.331809704830363,0.14852797805100185,0.0630274208590842
32,claude-3-5-sonnet-20240620,least_to_most,rs_size_150,375,18.42618019475232,0.20161486021273983,0.165374247675119
391,llama3:70b,emotion_prompt,rs_size_10,365,18.428555421963054,0.19938386973099326,0.12749236333236058
112,claude-3-sonnet-20240229,recursive_criticism_and_improvement,rs_size_5,200,18.4905402587056,0.33329972258273866,0.10691062217534197
111,claude-3-sonnet-20240229,recursive_criticism_and_improvement,rs_size_25,323,18.50695293145652,0.18450641870713352,0.08128705457112284
36,claude-3-5-sonnet-20240620,recursive_criticism_and_improvement,rs_size_10,375,18.762923856750923,0.15130097065668405,0.07148029265316524
352,llama2:13b,least_to_most,rs_size_25,126,18.793888781070574,0.050356260984539956,0.007493933674065811
279,gpt-4o,directional_stimuli,rs_size_5,353,18.88586379464874,0.3186699109501446,0.19708076255066143
123,claude-3-sonnet-20240229,reverse_prompting,rs_size_25,274,18.921646036334643,0.08374486946556285,0.022586712685084942
495,llama3:8b,reverse_prompting,rs_size_25,176,19.052900785840315,0.08699931916186807,0.0257447492740579
500,llama3:8b,self_consistency,rs_size_150,157,19.063703534089367,0.2804225633910174,0.1860676356301647
265,gpt-4o,chain_of_thought,rs_size_100,225,19.141909297834214,0.24567477093942916,0.18495520867290272
620,mixtral:8x22b,recursive_criticism_and_improvement,rs_size_5,266,19.20260581073698,0.1825918708299497,0.08911121947283274
683,phi3:medium-128k,self_consistency,rs_size_10,313,19.304228214428473,0.17425027836027596,0.10453402567657988
210,gpt-3.5-turbo-0125,directional_stimuli,rs_size_50,365,19.361188384954488,0.10317312062115883,0.0724483934147031
602,mixtral:8x22b,emotion_prompt,rs_size_5,271,19.45508715522046,0.4085130225362921,0.2339357088927294
475,llama3:8b,least_to_most,rs_size_100,25,19.62383508706328,0.38846938149377763,0.30691806391404763
507,llama3:8b,skeleton_of_thought,rs_size_25,257,19.688848144536223,0.10367968868091769,0.04163678856205544
369,llama2:13b,skeleton_of_thought,rs_size_5,145,19.74820427115958,0.4244354267967494,0.17460541506361615
440,llama3:70b,step_back_prompting,rs_size_150,227,19.8875086421149,0.20984548619186594,0.15254955317489527
269,gpt-4o,chain_of_verification,rs_size_10,325,20.019065610797394,0.4525103472138031,0.20644491342993765
74,claude-3-sonnet-20240229,chain_of_thought,rs_size_150,374,20.190900753242026,0.20194505217459888,0.15725523557525656
345,llama2:13b,emotion_prompt,rs_size_5,82,20.20820364532822,0.9890045401995738,0.2838795950765064
129,claude-3-sonnet-20240229,self_consistency,rs_size_25,375,20.21556666338965,0.04155212072946276,0.00401266212581497
462,llama3:8b,emotion_prompt,rs_size_10,328,20.226223020378445,0.26173866783971506,0.1312179435525045
607,mixtral:8x22b,generated_knowledge,rs_size_25,192,20.232582870186295,0.0589817423149467,0.011802702378452157
143,claude-3-sonnet-20240229,step_back_prompting,rs_size_50,375,20.268436487740193,0.24527434526897166,0.10202199849669502
453,llama3:8b,chain_of_verification,rs_size_25,146,20.296839099275083,0.16954299035344159,0.08130405158542953
35,claude-3-5-sonnet-20240620,least_to_most,rs_size_50,375,20.414194895763377,0.06586886445379671,0.01632496362607072
467,llama3:8b,emotion_prompt,rs_size_50,331,20.497783111345047,0.36560159380381646,0.1287950541587759
546,mistral:7b,least_to_most,rs_size_150,2,20.595228573198252,0.19197187422520126,0.31556871241064477
516,mistral:7b,chain_of_thought,rs_size_10,98,20.649657543669218,0.11054382823700447,0.04885204279065514
333,gpt-4o,step_back_prompting,rs_size_5,215,20.65454072530524,0.5622445377427345,0.2309679313750519
298,gpt-4o,least_to_most,rs_size_50,326,20.685755642105313,0.15425007298012888,0.0364915211968313
311,gpt-4o,reverse_prompting,rs_size_10,262,20.896920413156515,0.6173657952640417,0.17120566416669025
677,phi3:medium-128k,rephrase_and_respond,rs_size_25,323,20.927079589469997,0.06295471499301268,0.013566367492805487
489,llama3:8b,rephrase_and_respond,rs_size_25,302,21.049993058500178,0.10129268594615966,0.02906150395675211
450,llama3:8b,chain_of_verification,rs_size_10,98,21.199948728627078,0.17073377539790438,0.09279709091618393
597,mixtral:8x22b,directional_stimuli,rs_size_50,342,21.37305101759096,0.30429793986446046,0.13159213258374258
330,gpt-4o,step_back_prompting,rs_size_100,250,21.384621125155068,0.18738995640924405,0.1491568930575331
666,phi3:medium-128k,generated_knowledge,rs_size_10,350,21.401059302480267,0.20129879646771537,0.1300060250635553
263,gpt-3.5-turbo-0125,step_back_prompting,rs_size_50,367,21.463745531862866,0.0870643174563894,0.04098477615817564
351,llama2:13b,least_to_most,rs_size_10,173,21.473868892928188,0.2788161214793869,0.12173665968198955
465,llama3:8b,emotion_prompt,rs_size_25,318,21.51465026078926,0.13617027512804233,0.0681697557561094
381,llama3:70b,chain_of_verification,rs_size_150,237,21.517335215442053,0.3498261456207488,0.19846098088883124
221,gpt-3.5-turbo-0125,generated_knowledge,rs_size_5,319,21.518271131662445,0.20745711036180844,0.06661716911023352
315,gpt-4o,reverse_prompting,rs_size_5,163,21.544708164331116,0.1664270756178629,0.053007172598681374
497,llama3:8b,reverse_prompting,rs_size_50,106,21.549421112978177,0.157475064681043,0.0644520993558162
334,gpt-4o,step_back_prompting,rs_size_50,292,21.63152345552379,0.1542622036393432,0.09347274441568487
687,phi3:medium-128k,skeleton_of_thought,rs_size_10,340,21.648687335197966,0.19432131671968783,0.13902965654478838
601,mixtral:8x22b,emotion_prompt,rs_size_25,271,21.727083707211232,0.30276419200262233,0.06830924408180539
122,claude-3-sonnet-20240229,reverse_prompting,rs_size_150,372,21.735521126015335,0.23912507557492552,0.27832287278312995
44,claude-3-5-sonnet-20240620,rephrase_and_respond,rs_size_150,375,21.741379067846513,0.25192224440774597,0.2503917714839168
493,llama3:8b,reverse_prompting,rs_size_100,163,21.742712987808147,0.17836348910042554,0.12354808430376396
676,phi3:medium-128k,rephrase_and_respond,rs_size_10,375,21.882156369394924,0.24299784381778075,0.16255971826159787
459,llama3:8b,directional_stimuli,rs_size_25,164,21.8871193995352,0.32105685051261645,0.10355971272225517
492,llama3:8b,reverse_prompting,rs_size_10,231,21.925199550799952,0.17440626239479018,0.08474212254976199
595,mixtral:8x22b,directional_stimuli,rs_size_25,345,22.10321929123734,0.18532479293903706,0.11546813782255438
660,phi3:medium-128k,directional_stimuli,rs_size_10,351,22.118918652936735,0.28613194837381667,0.18601733698339573
650,mixtral:8x22b,step_back_prompting,rs_size_5,298,22.158443390919455,0.19420692882917603,0.1490949477779202
75,claude-3-sonnet-20240229,chain_of_thought,rs_size_25,250,22.22557121870211,0.04342151943233241,0.0038543232660592786
419,llama3:70b,rephrase_and_respond,rs_size_5,298,22.350479213051447,0.5942998329577595,0.3161950089967134
203,gpt-3.5-turbo-0125,chain_of_verification,rs_size_5,269,22.351823511304314,0.15833117351751522,0.04996413169182312
139,claude-3-sonnet-20240229,step_back_prompting,rs_size_100,319,22.43992995234735,0.7141105762526975,0.2721664308183128
4,claude-3-5-sonnet-20240620,chain_of_thought,rs_size_5,375,22.461923982896092,0.06291886279346177,0.022503258134400017
401,llama3:70b,generated_knowledge,rs_size_5,149,22.47217180458844,0.5754208296659173,0.3790131589972645
81,claude-3-sonnet-20240229,chain_of_verification,rs_size_25,325,22.493330231022398,0.06802174282924152,0.01356625924460908
283,gpt-4o,emotion_prompt,rs_size_150,374,22.54120371900144,0.24077596011553984,0.26389858916103703
449,llama3:8b,chain_of_thought,rs_size_50,236,22.588572967530453,0.3431476059071798,0.12793283873036376
104,claude-3-sonnet-20240229,least_to_most,rs_size_150,340,22.642459862502573,0.4715489347267217,0.28966243957738125
596,mixtral:8x22b,directional_stimuli,rs_size_5,346,22.715427358606245,0.8378831591936392,0.33207089605590656
502,llama3:8b,self_consistency,rs_size_5,207,22.846521272868078,0.6727108541595135,0.41150044668705343
93,claude-3-sonnet-20240229,emotion_prompt,rs_size_25,374,22.93372185325604,0.3473685034345886,0.3076209512576601
454,llama3:8b,chain_of_verification,rs_size_5,127,23.306467098929268,0.32453305110612984,0.32222814805568023
307,gpt-4o,rephrase_and_respond,rs_size_150,375,23.33408874557652,0.23413933379673274,0.2714340463277347
292,gpt-4o,generated_knowledge,rs_size_50,375,23.34751202066241,0.05745022573836693,0.009497766668727925
38,claude-3-5-sonnet-20240620,recursive_criticism_and_improvement,rs_size_150,375,23.436204060914537,0.27756985728615224,0.31991356921511216
207,gpt-3.5-turbo-0125,directional_stimuli,rs_size_150,357,23.486943232833287,0.25329160615577734,0.25661632822205127
409,llama3:70b,recursive_criticism_and_improvement,rs_size_10,91,23.641916265055812,0.17343600135961143,0.130186955315716
71,claude-3-5-sonnet-20240620,step_back_prompting,rs_size_50,375,23.656839247605138,0.02534258429015421,0.0013470255547192167
268,gpt-4o,chain_of_thought,rs_size_50,255,23.91010492312028,0.27955783404507956,0.03701980607046518
255,gpt-3.5-turbo-0125,skeleton_of_thought,rs_size_25,368,23.94424770889059,0.126193171462184,0.054825214660351174
608,mixtral:8x22b,generated_knowledge,rs_size_5,284,23.967846118048328,0.46912472236964947,0.2959344301817711
394,llama3:70b,emotion_prompt,rs_size_25,341,24.063159262897166,0.12664723690232924,0.07301996638576891
53,claude-3-5-sonnet-20240620,reverse_prompting,rs_size_50,375,24.088282212775834,0.08777796010620224,0.02513578660642768
326,gpt-4o,skeleton_of_thought,rs_size_25,375,24.16352353503925,0.07033105093614872,0.010986031333485302
396,llama3:70b,emotion_prompt,rs_size_50,374,24.227667445457005,0.43859676820989957,0.26755178650553346
366,llama2:13b,self_consistency,rs_size_5,123,24.306432323625746,0.3938559377328911,0.20223648273249129
220,gpt-3.5-turbo-0125,generated_knowledge,rs_size_25,339,24.311420216394698,0.049448811343573276,0.008373468959449681
402,llama3:70b,generated_knowledge,rs_size_50,325,24.338667253102873,0.25214199668485004,0.1302798082408554
414,llama3:70b,recursive_criticism_and_improvement,rs_size_50,162,24.35388780111121,0.30357310731421644,0.16048353220975775
622,mixtral:8x22b,rephrase_and_respond,rs_size_10,338,24.58520616280565,0.14137838139356523,0.06769318122561208
119,claude-3-sonnet-20240229,rephrase_and_respond,rs_size_50,375,24.677412338271715,0.1681927108625923,0.11945576964801763
21,claude-3-5-sonnet-20240620,emotion_prompt,rs_size_25,375,24.748331181345566,0.08905694142005359,0.04981110667813016
250,gpt-3.5-turbo-0125,self_consistency,rs_size_5,362,24.76784319973309,0.10460962393117068,0.01234832737863667
65,claude-3-5-sonnet-20240620,skeleton_of_thought,rs_size_50,375,24.768933140819854,0.028365730679159117,0.001116800072161972
233,gpt-3.5-turbo-0125,recursive_criticism_and_improvement,rs_size_5,375,24.82271383963029,0.3054101693265575,0.140345449412262
47,claude-3-5-sonnet-20240620,rephrase_and_respond,rs_size_50,375,24.999102245492868,0.11044076501649844,0.047380501654627816
478,llama3:8b,least_to_most,rs_size_5,60,25.042495505058017,0.5102630277763701,0.3860579979281833
209,gpt-3.5-turbo-0125,directional_stimuli,rs_size_5,368,25.047827310530952,0.16704623189748397,0.10034174383781491
110,claude-3-sonnet-20240229,recursive_criticism_and_improvement,rs_size_150,345,25.092001052595766,0.303046359404932,0.34316420517041824
140,claude-3-sonnet-20240229,step_back_prompting,rs_size_150,350,25.16087134488224,0.5572782837297177,0.33505549971695214
486,llama3:8b,rephrase_and_respond,rs_size_10,246,25.207449933879012,0.2964296620021908,0.11596064580178456
239,gpt-3.5-turbo-0125,rephrase_and_respond,rs_size_5,349,25.258028516794525,0.1856081068732817,0.08143045890914347
100,claude-3-sonnet-20240229,generated_knowledge,rs_size_5,375,25.397444441680715,0.23145655793067693,0.06430224329929235
125,claude-3-sonnet-20240229,reverse_prompting,rs_size_50,349,25.410001247851827,0.054136074375034905,0.0036828692234367466
223,gpt-3.5-turbo-0125,least_to_most,rs_size_10,352,25.55515596670252,0.06126097713745711,0.020508074995153835
227,gpt-3.5-turbo-0125,least_to_most,rs_size_5,364,25.646449628339706,0.1440779232696781,0.04775230576517697
626,mixtral:8x22b,rephrase_and_respond,rs_size_5,293,25.66045582383608,0.2049018517042646,0.10805185664186734
411,llama3:70b,recursive_criticism_and_improvement,rs_size_150,135,25.69028190680651,0.3406617701404887,0.14918638729530787
78,claude-3-sonnet-20240229,chain_of_verification,rs_size_10,324,25.719281387566276,0.10780638186033031,0.05019585232802459
141,claude-3-sonnet-20240229,step_back_prompting,rs_size_25,350,25.808546755801334,0.421811874199777,0.15770564001662768
257,gpt-3.5-turbo-0125,skeleton_of_thought,rs_size_50,366,25.813983619133115,0.15247731346923796,0.1534381052564644
631,mixtral:8x22b,reverse_prompting,rs_size_25,107,25.854386410489575,0.34500404064979584,0.22818728697023938
609,mixtral:8x22b,generated_knowledge,rs_size_50,300,25.92575955210114,0.23636640453935795,0.14126573686369426
416,llama3:70b,rephrase_and_respond,rs_size_100,370,26.01012596986356,0.19276614374691498,0.1914490495485306
643,mixtral:8x22b,skeleton_of_thought,rs_size_25,258,26.142215120018616,0.13107468746211862,0.07740718791642887
685,phi3:medium-128k,self_consistency,rs_size_5,375,26.149592780854217,0.3690701926588185,0.23187464643488087
615,mixtral:8x22b,least_to_most,rs_size_50,249,26.214467810923875,0.09496151670298733,0.04261610244237968
254,gpt-3.5-turbo-0125,skeleton_of_thought,rs_size_150,365,26.23518885419201,0.3153096590717618,0.44908205112257216
121,claude-3-sonnet-20240229,reverse_prompting,rs_size_100,275,26.372766059533102,0.33705547156996,0.12046074115606564
544,mistral:7b,least_to_most,rs_size_10,43,26.46493565606226,0.28970053322310724,0.1098985912479129
670,phi3:medium-128k,least_to_most,rs_size_10,275,26.60820976554554,0.15013278454371518,0.07169449558788044
378,llama3:70b,chain_of_thought,rs_size_50,70,26.66533196645242,0.10377609013773115,0.044397513616993844
226,gpt-3.5-turbo-0125,least_to_most,rs_size_25,357,26.68536615964328,0.072976182341147,0.02403780507786668
116,claude-3-sonnet-20240229,rephrase_and_respond,rs_size_150,375,26.722504537349888,0.3193988936062304,0.3547298355181828
103,claude-3-sonnet-20240229,least_to_most,rs_size_100,375,26.784807710552013,0.4762501799600341,0.2210218359722026
360,llama2:13b,rephrase_and_respond,rs_size_5,129,26.919479045356766,0.42828939068007366,0.2877176162777224
390,llama3:70b,directional_stimuli,rs_size_50,150,26.921799648152046,0.40129502152993524,0.246833722010936
290,gpt-4o,generated_knowledge,rs_size_25,350,26.964546303672908,0.045380742529175046,0.003867935296524516
640,mixtral:8x22b,skeleton_of_thought,rs_size_10,186,26.99009644782124,0.2521707429774574,0.2014379062472842
288,gpt-4o,generated_knowledge,rs_size_100,350,27.029490369789734,0.09650378518583269,0.04710740839370864
126,claude-3-sonnet-20240229,self_consistency,rs_size_10,347,27.047811905668347,0.13981481563636453,0.06905128614914302
138,claude-3-sonnet-20240229,step_back_prompting,rs_size_10,231,27.06955901503944,0.8741658206360826,0.3133498856433955
94,claude-3-sonnet-20240229,emotion_prompt,rs_size_5,375,27.077581553589077,0.20443109481626884,0.16757626493668298
322,gpt-4o,self_consistency,rs_size_50,375,27.088118732034776,0.046898867649406914,0.008709043720553922
213,gpt-3.5-turbo-0125,emotion_prompt,rs_size_150,367,27.091659514610797,0.4208106009490632,0.3605326625958173
41,claude-3-5-sonnet-20240620,recursive_criticism_and_improvement,rs_size_50,375,27.123748724550715,0.12618940804595916,0.0717632093495375
33,claude-3-5-sonnet-20240620,least_to_most,rs_size_25,375,27.23356781626359,0.06386765117070561,0.016664937161880777
689,phi3:medium-128k,skeleton_of_thought,rs_size_5,349,27.3821713793487,0.3700354865912954,0.24556767802781854
349,llama2:13b,generated_knowledge,rs_size_5,116,27.403901943749,0.44767978207334486,0.42503087573097686
202,gpt-3.5-turbo-0125,chain_of_verification,rs_size_25,123,27.43473578935819,0.08562787307393452,0.030162686406164596
323,gpt-4o,skeleton_of_thought,rs_size_10,349,27.45028480120385,0.2306620675633606,0.10673593240084545
356,llama2:13b,recursive_criticism_and_improvement,rs_size_5,160,27.5331145399136,0.4451487972694103,0.2974902044743477
420,llama3:70b,rephrase_and_respond,rs_size_50,374,27.57443499900757,0.26454238508034994,0.1483978091757776
430,llama3:70b,self_consistency,rs_size_25,78,27.60604493757847,0.12370458369215462,0.05511042999897087
20,claude-3-5-sonnet-20240620,emotion_prompt,rs_size_150,375,27.609586307798537,0.41636280839329254,0.47372932380044064
231,gpt-3.5-turbo-0125,recursive_criticism_and_improvement,rs_size_150,373,27.627645776379946,0.25512575544233135,0.4556990892607793
5,claude-3-5-sonnet-20240620,chain_of_thought,rs_size_50,375,27.70279106628741,0.06713747193828942,0.008778577223911288
211,gpt-3.5-turbo-0125,emotion_prompt,rs_size_10,370,27.74733279878341,0.18384765344768922,0.1592126719017286
92,claude-3-sonnet-20240229,emotion_prompt,rs_size_150,372,27.77591784199888,0.567934128787078,0.5169061103587508
142,claude-3-sonnet-20240229,step_back_prompting,rs_size_5,212,27.813134965161638,0.9470161202990968,0.38847348938729276
506,llama3:8b,skeleton_of_thought,rs_size_150,291,27.848337439000844,0.17009438594032772,0.05912450132311897
243,gpt-3.5-turbo-0125,reverse_prompting,rs_size_25,246,27.95458811865183,0.13293615247420523,0.02195711003111711
256,gpt-3.5-turbo-0125,skeleton_of_thought,rs_size_5,363,28.06610551643292,0.5449257566535043,0.41257416444777373
305,gpt-4o,rephrase_and_respond,rs_size_10,375,28.111563909896365,0.1488060644442593,0.06467363982648999
201,gpt-3.5-turbo-0125,chain_of_verification,rs_size_150,175,28.123960607987012,0.25120748707620894,0.31519359789430734
365,llama2:13b,self_consistency,rs_size_10,116,28.25702830926137,0.0929446258952467,0.03794003094229015
485,llama3:8b,recursive_criticism_and_improvement,rs_size_50,32,28.30910543615156,0.27863674486395584,0.11871922648631172
232,gpt-3.5-turbo-0125,recursive_criticism_and_improvement,rs_size_25,364,28.31150303529575,0.10016816084597245,0.05861796100956429
513,llama3:8b,step_back_prompting,rs_size_25,18,28.338126678376625,0.09073438137849367,0.027604108204296374
80,claude-3-sonnet-20240229,chain_of_verification,rs_size_150,375,28.39839786064276,0.2641815739734374,0.14185039934594323
508,llama3:8b,skeleton_of_thought,rs_size_5,268,28.48370826907454,0.6313128868030394,0.46771411742387464
117,claude-3-sonnet-20240229,rephrase_and_respond,rs_size_25,375,28.56942729928581,0.13492052487970893,0.09682590671671631
353,llama2:13b,least_to_most,rs_size_5,71,28.60063043261353,0.5379618162893979,0.301940151470822
99,claude-3-sonnet-20240229,generated_knowledge,rs_size_25,375,28.71767196405691,0.062270392259065596,0.010801970342340761
219,gpt-3.5-turbo-0125,generated_knowledge,rs_size_150,359,28.74735752883566,0.27481216481332854,0.23346077014015554
599,mixtral:8x22b,emotion_prompt,rs_size_100,277,28.81130240375819,0.5146731573540932,0.47598872284795957
473,llama3:8b,generated_knowledge,rs_size_50,323,28.81531808408355,0.19965639736636903,0.04827314760789747
228,gpt-3.5-turbo-0125,least_to_most,rs_size_50,342,28.884136875185455,0.136742064679757,0.045281196197238804
301,gpt-4o,recursive_criticism_and_improvement,rs_size_150,347,28.908060811792023,0.21263382486568916,0.14547451038292247
555,mistral:7b,rephrase_and_respond,rs_size_10,46,28.941004446771263,0.2289242107252453,0.16911758320043457
225,gpt-3.5-turbo-0125,least_to_most,rs_size_150,363,28.94399949297425,0.19577496268264413,0.17002938359611353
717,phi3:mini-128k,step_back_prompting,rs_size_50,3,28.964278010643586,0.385747680317183,0.17454646268337504
621,mixtral:8x22b,recursive_criticism_and_improvement,rs_size_50,237,29.076869139106496,0.11293838816149424,0.05737117876647835
496,llama3:8b,reverse_prompting,rs_size_5,205,29.183552121319593,0.48846535939244173,0.3264882387956505
95,claude-3-sonnet-20240229,emotion_prompt,rs_size_50,375,29.221850587104147,0.4200931815464237,0.4858313874710998
619,mixtral:8x22b,recursive_criticism_and_improvement,rs_size_25,280,29.24396153070729,0.08811906068069454,0.038529080500965485
262,gpt-3.5-turbo-0125,step_back_prompting,rs_size_5,367,29.29303046768306,0.08441206831017985,0.050836014188389234
675,phi3:medium-128k,recursive_criticism_and_improvement,rs_size_5,293,29.444946626580844,0.5449069147160432,0.4187193598091571
680,phi3:medium-128k,reverse_prompting,rs_size_10,81,29.542211086415882,0.22643402360232143,0.18040197521559365
472,llama3:8b,generated_knowledge,rs_size_5,297,29.583872499454483,0.9518983224738194,0.6037616694548008
674,phi3:medium-128k,recursive_criticism_and_improvement,rs_size_25,280,29.681910406019714,0.1015272864031094,0.029173792369161067
237,gpt-3.5-turbo-0125,rephrase_and_respond,rs_size_150,369,29.687082561866085,0.45428266392700273,0.453138815935875
289,gpt-4o,generated_knowledge,rs_size_150,350,29.702273582233747,0.17407662817495906,0.12825469527967592
395,llama3:70b,emotion_prompt,rs_size_5,366,29.75197475060521,0.7824176284259956,0.5439726857220687
672,phi3:medium-128k,least_to_most,rs_size_5,325,29.753426292902898,0.3863730234319528,0.26418716702053424
593,mixtral:8x22b,directional_stimuli,rs_size_100,320,29.795399863833385,0.41730799110363453,0.28504274332691837
658,phi3:medium-128k,chain_of_verification,rs_size_5,168,29.929314727527863,0.6328782731074023,0.4746631429919663
537,mistral:7b,emotion_prompt,rs_size_5,91,29.93921084426532,0.41543348247105244,0.29720599561272
222,gpt-3.5-turbo-0125,generated_knowledge,rs_size_50,368,30.005840980359153,0.14279102742064503,0.06538964941886727
466,llama3:8b,emotion_prompt,rs_size_5,272,30.030604671350417,1.0604434610749744,0.5704793480820861
474,llama3:8b,least_to_most,rs_size_10,43,30.123560104319836,0.23638616966851891,0.11286528241355454
501,llama3:8b,self_consistency,rs_size_25,295,30.1472783019302,0.095292390336471,0.03366209884467408
261,gpt-3.5-turbo-0125,step_back_prompting,rs_size_25,346,30.230267676126225,0.07567469500797368,0.025938802233625102
208,gpt-3.5-turbo-0125,directional_stimuli,rs_size_25,366,30.290547202268193,0.18915070851346247,0.14520642013972584
198,gpt-3.5-turbo-0125,chain_of_thought,rs_size_50,204,30.372305884312333,0.13322099440087581,0.07601925711308621
388,llama3:70b,directional_stimuli,rs_size_25,241,30.451517302363584,0.11858949618229676,0.05452843420617426
639,mixtral:8x22b,self_consistency,rs_size_50,373,30.473517431636303,0.10482086930197469,0.030119703953034538
10,claude-3-5-sonnet-20240620,chain_of_verification,rs_size_5,375,30.47921010586962,0.05571478206593602,0.011575106259584356
157,gemma:7b,emotion_prompt,rs_size_25,19,30.567486325270753,0.07047061727793245,0.01472601954952446
549,mistral:7b,least_to_most,rs_size_50,27,30.613108148669106,0.0990393091116439,0.01587628212391423
448,llama3:8b,chain_of_thought,rs_size_5,222,30.637192951597186,1.0636745109212309,0.5919808823933401
432,llama3:70b,self_consistency,rs_size_50,200,30.735170249893866,0.19309372725107668,0.12194490644642975
363,llama2:13b,reverse_prompting,rs_size_25,20,30.773141520045534,0.05399965826044576,0.006682941405863563
470,llama3:8b,generated_knowledge,rs_size_150,326,30.827771052102346,0.2492292114024422,0.12585172420588164
708,phi3:mini-128k,recursive_criticism_and_improvement,rs_size_50,12,30.85444674266584,0.881443039069674,0.31576637262153473
446,llama3:8b,chain_of_thought,rs_size_150,143,30.94718683767867,0.6045302178598677,0.3566900029615987
60,claude-3-5-sonnet-20240620,skeleton_of_thought,rs_size_10,375,31.019279779155564,0.062878145482074,0.013917088309534087
613,mixtral:8x22b,least_to_most,rs_size_25,254,31.02273615103254,0.06586663498130656,0.018049515980448794
66,claude-3-5-sonnet-20240620,step_back_prompting,rs_size_10,375,31.052358322949246,0.04672891020733788,0.011414819805058318
433,llama3:70b,skeleton_of_thought,rs_size_10,55,31.27336780682283,0.14331244753705644,0.09057356041201281
238,gpt-3.5-turbo-0125,rephrase_and_respond,rs_size_25,373,31.289251336097117,0.1318715642011184,0.10988898715414175
490,llama3:8b,rephrase_and_respond,rs_size_5,302,31.42507327629819,1.0525310877416305,0.6941094139317004
69,claude-3-5-sonnet-20240620,step_back_prompting,rs_size_25,375,31.436923111113234,0.05851479011466049,0.013074227269834982
512,llama3:8b,step_back_prompting,rs_size_150,10,31.454843474725646,0.25886825647209727,0.1334523262721492
572,mistral:7b,skeleton_of_thought,rs_size_10,69,31.465268444772015,0.18010130019558288,0.07838062057722794
383,llama3:70b,chain_of_verification,rs_size_5,90,31.500944937444117,1.1089034566141047,0.44391907993838037
215,gpt-3.5-turbo-0125,emotion_prompt,rs_size_5,371,31.578952992576312,0.4020093400074188,0.23345126307147124
403,llama3:70b,least_to_most,rs_size_10,43,31.633192170936418,0.15238231794693782,0.13229336408389747
480,llama3:8b,recursive_criticism_and_improvement,rs_size_10,39,31.648327223334363,0.18680234009437577,0.08159291841490846
578,mistral:7b,step_back_prompting,rs_size_5,41,31.71151146232407,1.2166429406270294,0.24211961855662645
30,claude-3-5-sonnet-20240620,least_to_most,rs_size_10,375,31.76832423898547,0.049981212219194666,0.0064291609038942266
76,claude-3-sonnet-20240229,chain_of_thought,rs_size_5,50,31.812876992852182,0.08902583074175079,0.02252254640395135
354,llama2:13b,recursive_criticism_and_improvement,rs_size_10,57,31.827544505141937,0.2914448247442944,0.06247344889401485
637,mixtral:8x22b,self_consistency,rs_size_25,302,31.83861066605726,0.054350645704746195,0.011210636110806638
488,llama3:8b,rephrase_and_respond,rs_size_150,291,31.850245900108746,0.5761685084968289,0.42215697373649574
693,phi3:medium-128k,step_back_prompting,rs_size_5,299,31.870483242768422,0.6777222109061282,0.5349386859020404
46,claude-3-5-sonnet-20240620,rephrase_and_respond,rs_size_5,375,31.952507693523163,0.06571239700339242,0.013113591451266338
90,claude-3-sonnet-20240229,emotion_prompt,rs_size_10,375,31.995993350867156,0.21980911252569882,0.18700385644784578
320,gpt-4o,self_consistency,rs_size_25,374,32.030703903667714,0.044698680065687384,0.004365221965230814
415,llama3:70b,rephrase_and_respond,rs_size_10,294,32.08942155907581,0.18381279673604942,0.1437120809915482
464,llama3:8b,emotion_prompt,rs_size_150,321,32.12380087367716,0.37807210097197114,0.2886223474590992
662,phi3:medium-128k,directional_stimuli,rs_size_5,250,32.14808406640664,0.7171244699960103,0.5285523809786863
661,phi3:medium-128k,directional_stimuli,rs_size_25,323,32.21518752828437,0.10418976098272019,0.02689571197786056
437,llama3:70b,skeleton_of_thought,rs_size_50,125,32.21598094581026,0.2235672660600858,0.14503055918131413
590,mixtral:8x22b,chain_of_verification,rs_size_5,174,32.26993959362069,0.42437220252942437,0.2128375754954589
389,llama3:70b,directional_stimuli,rs_size_5,100,32.27045622256479,0.9416897222069023,0.4734762709652242
9,claude-3-5-sonnet-20240620,chain_of_verification,rs_size_25,375,32.33780721651384,0.06741675537250094,0.0203933852190481
678,phi3:medium-128k,rephrase_and_respond,rs_size_5,327,32.37118192072656,0.5814600587900384,0.48270441748788007
559,mistral:7b,rephrase_and_respond,rs_size_5,166,32.41566671655639,0.28008503199853724,0.22584792309755186
88,claude-3-sonnet-20240229,directional_stimuli,rs_size_5,359,32.4269110755254,0.14815250005014421,0.08546925524334559
630,mixtral:8x22b,reverse_prompting,rs_size_150,288,32.44770307779501,0.37233471415565184,0.3234675980528765
628,mixtral:8x22b,reverse_prompting,rs_size_10,75,32.529706546420954,0.17687686486295698,0.14715323589399154
668,phi3:medium-128k,generated_knowledge,rs_size_5,300,32.53608151007614,0.572464920528561,0.4067962644790031
54,claude-3-5-sonnet-20240620,self_consistency,rs_size_10,375,32.698540325538616,0.052584454123149285,0.009394433454306794
560,mistral:7b,rephrase_and_respond,rs_size_50,211,32.737745884769964,0.1572461640343388,0.0745708656921682
370,llama2:13b,step_back_prompting,rs_size_10,139,32.73817492262903,0.12566028338883836,0.06906269472367277
287,gpt-4o,generated_knowledge,rs_size_10,375,32.77766445189041,0.1574990848010381,0.09682297695441755
51,claude-3-5-sonnet-20240620,reverse_prompting,rs_size_25,375,32.78531312648318,0.05210975523904832,0.011524816123245296
491,llama3:8b,rephrase_and_respond,rs_size_50,301,32.823889624567585,0.2197566935738366,0.04393989486348837
535,mistral:7b,emotion_prompt,rs_size_150,74,32.852448764415215,1.0588217956569144,0.3373377831808919
42,claude-3-5-sonnet-20240620,rephrase_and_respond,rs_size_10,375,32.86732663540552,0.06190764233594564,0.019507791447612277
45,claude-3-5-sonnet-20240620,rephrase_and_respond,rs_size_25,375,32.872848030644604,0.07191482252520125,0.021966419424150452
580,mixtral:8x22b,chain_of_thought,rs_size_10,131,32.879932429945924,0.13122856774406508,0.08541484695600454
397,llama3:70b,generated_knowledge,rs_size_10,221,32.91736141644307,0.17998549300994746,0.13319626205111246
625,mixtral:8x22b,rephrase_and_respond,rs_size_25,322,32.99854978339621,0.07939098859601522,0.026359229134608197
654,phi3:medium-128k,chain_of_thought,rs_size_5,102,33.079577123003396,0.7005230924140188,0.7050345325884464
457,llama3:8b,directional_stimuli,rs_size_100,147,33.0888603045856,0.2622426628602418,0.2949334460030938
204,gpt-3.5-turbo-0125,chain_of_verification,rs_size_50,243,33.101909698289795,0.1674216312351759,0.07990278308032184
665,phi3:medium-128k,emotion_prompt,rs_size_5,371,33.1333376076148,0.8083483573782703,0.5487405412867347
649,mixtral:8x22b,step_back_prompting,rs_size_25,297,33.26203123961471,0.10438298040307441,0.04763825171945402
216,gpt-3.5-turbo-0125,emotion_prompt,rs_size_50,361,33.313372894202764,0.48019918771008163,0.39260427025924227
427,llama3:70b,self_consistency,rs_size_10,117,33.362312046228425,0.11196017903113613,0.05224552699065388
84,claude-3-sonnet-20240229,directional_stimuli,rs_size_10,375,33.39837775439735,0.34739625801618984,0.34434417782685645
651,mixtral:8x22b,step_back_prompting,rs_size_50,338,33.50859498495088,0.13674876455928217,0.04420816688136009
645,mixtral:8x22b,skeleton_of_thought,rs_size_50,292,33.52300222947539,0.12868157053737114,0.0496834801405972
667,phi3:medium-128k,generated_knowledge,rs_size_25,375,33.58782343576289,0.07139011385463712,0.018636956694853213
477,llama3:8b,least_to_most,rs_size_25,68,33.59335534378284,0.04913606930993547,0.005748323672887468
571,mistral:7b,self_consistency,rs_size_50,138,33.601295956334305,0.1281026963432864,0.019208788617171457
321,gpt-4o,self_consistency,rs_size_5,374,33.61985314642292,0.20692235886936886,0.07436817351357883
418,llama3:70b,rephrase_and_respond,rs_size_25,339,33.7107998563453,0.11157616136900336,0.056329662921581036
471,llama3:8b,generated_knowledge,rs_size_25,296,33.71970226777246,0.07149784961903406,0.018146933341554705
583,mixtral:8x22b,chain_of_thought,rs_size_25,249,33.76568577152186,0.10319665428400723,0.04434014161485167
604,mixtral:8x22b,generated_knowledge,rs_size_10,291,33.78652673803985,0.21102905088719298,0.20346918633851319
550,mistral:7b,recursive_criticism_and_improvement,rs_size_10,48,33.845798459347684,0.3169443469961057,0.06359362576794036
407,llama3:70b,least_to_most,rs_size_5,48,33.87338723728921,0.1788340809433246,0.1346775192378522
245,gpt-3.5-turbo-0125,reverse_prompting,rs_size_50,319,33.92279787620528,0.1729583361426069,0.06879836954098484
161,gemma:7b,generated_knowledge,rs_size_25,19,33.92447047020874,0.11231635682452908,0.0820864200763729
692,phi3:medium-128k,step_back_prompting,rs_size_25,296,34.00859198429397,0.0901615744584474,0.023830190312823962
234,gpt-3.5-turbo-0125,recursive_criticism_and_improvement,rs_size_50,372,34.01306316568914,0.10313170618838122,0.09638602225178539
684,phi3:medium-128k,self_consistency,rs_size_25,370,34.04355661232747,0.07833080977753189,0.019179840439190965
147,gemma:7b,chain_of_verification,rs_size_10,17,34.075270034753274,0.8602156148753705,0.10928657668268849
653,phi3:medium-128k,chain_of_thought,rs_size_25,176,34.1280039318721,0.09173989819229451,0.03421765343666783
27,claude-3-5-sonnet-20240620,generated_knowledge,rs_size_25,375,34.13437496674659,0.062235675248827275,0.014796545556646556
3,claude-3-5-sonnet-20240620,chain_of_thought,rs_size_25,375,34.325106189616115,0.047625784667218,0.006863216836523467
438,llama3:70b,step_back_prompting,rs_size_10,60,34.368461544866136,0.1211936924087246,0.059198104966659004
0,claude-3-5-sonnet-20240620,chain_of_thought,rs_size_10,375,34.371212595926764,0.0761662206733263,0.02715828252941499
682,phi3:medium-128k,reverse_prompting,rs_size_5,136,34.39369939403152,0.7548034127287473,0.622065545251699
460,llama3:8b,directional_stimuli,rs_size_5,141,34.44461296857182,0.6509919582314841,0.5280399799460718
6,claude-3-5-sonnet-20240620,chain_of_verification,rs_size_10,375,34.549458881283016,0.045201544713543054,0.006810708316059122
70,claude-3-5-sonnet-20240620,step_back_prompting,rs_size_5,375,34.65543304649031,0.04828972866375274,0.00922041650774763
155,gemma:7b,emotion_prompt,rs_size_10,7,34.714204163760144,1.6089950383865586,0.22182099815002254
382,llama3:70b,chain_of_verification,rs_size_25,90,34.72713260479278,0.07758135451398888,0.022887059479880234
542,mistral:7b,generated_knowledge,rs_size_5,107,34.743845051198264,0.21793741044134227,0.14866659288113504
118,claude-3-sonnet-20240229,rephrase_and_respond,rs_size_5,375,34.80855652633696,0.11701726896306368,0.0640874098165174
671,phi3:medium-128k,least_to_most,rs_size_25,270,34.81324866375203,0.06523962293636214,0.01567193494915342
86,claude-3-sonnet-20240229,directional_stimuli,rs_size_150,375,34.89759006068318,0.31875719632527133,0.42193564836558417
195,gpt-3.5-turbo-0125,chain_of_thought,rs_size_100,193,34.919038526189134,0.3814464893095773,0.15318275731740694
214,gpt-3.5-turbo-0125,emotion_prompt,rs_size_25,368,34.91962809062646,0.1987870537841053,0.20908351866048402
131,claude-3-sonnet-20240229,self_consistency,rs_size_50,350,34.94775905742767,0.03219909034159833,0.0016951033136585192
400,llama3:70b,generated_knowledge,rs_size_25,228,34.979777809529025,0.0806840789031539,0.023284473976271647
594,mixtral:8x22b,directional_stimuli,rs_size_150,236,35.00817958921032,0.6272405263588022,1.00958218421696
114,claude-3-sonnet-20240229,rephrase_and_respond,rs_size_10,375,35.00933204790644,0.12906509999032248,0.13422371467938365
514,llama3:8b,step_back_prompting,rs_size_5,48,35.07333083027671,0.9749318809094536,0.6282402691317166
436,llama3:70b,skeleton_of_thought,rs_size_25,30,35.09161140312998,0.14362367013270108,0.0885445711424695
337,llama2:13b,chain_of_thought,rs_size_5,55,35.123087370995435,0.9765909310479467,0.4020831497783923
528,mistral:7b,directional_stimuli,rs_size_10,75,35.12907728857563,0.2077997380828278,0.09938721642891934
362,llama2:13b,reverse_prompting,rs_size_10,71,35.13704047551188,1.2438932270895773,0.0984815211010035
374,llama3:70b,chain_of_thought,rs_size_10,42,35.21062006530773,0.12870587653172888,0.06315487047467294
664,phi3:medium-128k,emotion_prompt,rs_size_25,373,35.2263895462978,0.07752323121089409,0.024178564065340247
585,mixtral:8x22b,chain_of_thought,rs_size_50,224,35.231084066174446,0.14910526215696934,0.059924996296141675
380,llama3:70b,chain_of_verification,rs_size_100,50,35.24095658477989,0.09905928450406483,0.07668716575120449
57,claude-3-5-sonnet-20240620,self_consistency,rs_size_25,375,35.26845636015291,0.04792765274558692,0.0070166982726025395
212,gpt-3.5-turbo-0125,emotion_prompt,rs_size_100,371,35.29370088507912,0.287327964411098,0.4641533309535034
644,mixtral:8x22b,skeleton_of_thought,rs_size_5,99,35.304278630895354,0.45432140718527103,0.3444335122594572
406,llama3:70b,least_to_most,rs_size_25,51,35.309819460399936,0.08499467768751519,0.027219843007463274
89,claude-3-sonnet-20240229,directional_stimuli,rs_size_50,375,35.33861235373168,0.3140422788247451,0.528638986496874
657,phi3:medium-128k,chain_of_verification,rs_size_25,227,35.37021168500743,0.09276041664683073,0.03285061475991946
59,claude-3-5-sonnet-20240620,self_consistency,rs_size_50,375,35.42292581458204,0.02966482446575259,0.0012367598055671447
23,claude-3-5-sonnet-20240620,emotion_prompt,rs_size_50,375,35.42365482993103,0.18467633513993814,0.1903994995290097
359,llama2:13b,rephrase_and_respond,rs_size_25,168,35.43088449953402,0.10041289932645983,0.0064337733269119735
481,llama3:8b,recursive_criticism_and_improvement,rs_size_100,45,35.51414815560566,0.22422490403412798,0.23646226812700077
423,llama3:70b,reverse_prompting,rs_size_150,11,35.51565403788831,0.09617795679638737,0.03462106539896803
505,llama3:8b,skeleton_of_thought,rs_size_100,334,35.51588039322685,0.23843124425950585,0.10900425015283632
482,llama3:8b,recursive_criticism_and_improvement,rs_size_150,30,35.54375721107968,0.5566083719700676,0.45926870219353144
348,llama2:13b,generated_knowledge,rs_size_25,123,35.54880117216074,0.04051917536296736,0.00268775408063604
611,mixtral:8x22b,least_to_most,rs_size_100,322,35.55438643547567,0.3045940070680377,0.2281503608646709
200,gpt-3.5-turbo-0125,chain_of_verification,rs_size_100,200,35.56432951066287,0.1970013768696423,0.2448954513386261
379,llama3:70b,chain_of_verification,rs_size_10,59,35.57884823864447,0.07242195916760692,0.03861841615247119
412,llama3:70b,recursive_criticism_and_improvement,rs_size_25,134,35.59932548153127,0.08034137647729973,0.022549913855958392
521,mistral:7b,chain_of_thought,rs_size_50,64,35.60081910192693,0.1711997832365393,0.04666801913572449
197,gpt-3.5-turbo-0125,chain_of_thought,rs_size_25,196,35.62925834736681,0.06301934957501368,0.014533979185150647
85,claude-3-sonnet-20240229,directional_stimuli,rs_size_100,375,35.629438067434585,0.4251439887560033,0.7627368416687595
531,mistral:7b,directional_stimuli,rs_size_5,55,35.6527431974291,0.7408407410961483,0.6231606786568681
487,llama3:8b,rephrase_and_respond,rs_size_100,315,35.69056869811048,0.2647409289514074,0.1922171685166485
355,llama2:13b,recursive_criticism_and_improvement,rs_size_25,78,35.75496061439729,0.050123730112022855,0.006564148032136341
408,llama3:70b,least_to_most,rs_size_50,44,35.757788579799914,0.16148198720745327,0.16219485397469535
463,llama3:8b,emotion_prompt,rs_size_100,332,35.77172937359934,0.35283186120000243,0.29411231403232374
377,llama3:70b,chain_of_thought,rs_size_25,86,35.7740964843233,0.11330407901716737,0.04572628654448008
515,llama3:8b,step_back_prompting,rs_size_50,10,35.84190462311898,0.19288021123478435,0.11475237533474525
641,mixtral:8x22b,skeleton_of_thought,rs_size_100,242,35.848384701426376,0.21913910768975078,0.17887443586859786
29,claude-3-5-sonnet-20240620,generated_knowledge,rs_size_50,375,35.8777488376513,0.045754126567119635,0.0029810757524937337
424,llama3:70b,reverse_prompting,rs_size_25,10,35.91121934117283,0.09987068565106672,0.05440340038390867
358,llama2:13b,rephrase_and_respond,rs_size_10,130,35.91769907059248,0.10958363942647073,0.043714947256119574
236,gpt-3.5-turbo-0125,rephrase_and_respond,rs_size_100,372,35.924971511782175,0.22672943332840334,0.3706784699422312
28,claude-3-5-sonnet-20240620,generated_knowledge,rs_size_5,375,35.96446505256907,0.058875647656686146,0.012709866957873128
421,llama3:70b,reverse_prompting,rs_size_10,21,35.964836872417536,0.1251158817395599,0.0626336070297202
344,llama2:13b,emotion_prompt,rs_size_25,55,35.983249538004266,0.04495334027528512,0.004626078944168777
442,llama3:70b,step_back_prompting,rs_size_5,34,35.99002897140992,0.12533109419488955,0.10050953718900679
566,mistral:7b,self_consistency,rs_size_10,62,35.99736282621569,0.11220592544657011,0.04285490064214614
605,mixtral:8x22b,generated_knowledge,rs_size_100,343,36.057660067938215,0.23709526903212724,0.3916443329946412
461,llama3:8b,directional_stimuli,rs_size_50,168,36.0697862411,0.22811240880077627,0.0961338392657185
520,mistral:7b,chain_of_thought,rs_size_5,96,36.12326728937778,0.34830959208738405,0.2367479240555106
240,gpt-3.5-turbo-0125,rephrase_and_respond,rs_size_50,370,36.14797019991896,0.1347030081247201,0.07928438167710672
14,claude-3-5-sonnet-20240620,directional_stimuli,rs_size_150,375,36.16615274618055,0.18490546995419171,0.30998208780642966
458,llama3:8b,directional_stimuli,rs_size_150,259,36.18631835263098,0.7275985742450815,0.6015412929889294
624,mixtral:8x22b,rephrase_and_respond,rs_size_150,368,36.280400339276895,0.372790240304717,0.7838958792766282
556,mistral:7b,rephrase_and_respond,rs_size_100,119,36.29008659657882,0.22011198196287607,0.23683676170105428
663,phi3:medium-128k,emotion_prompt,rs_size_10,373,36.29032132212271,0.19194335150986705,0.09130741423755451
13,claude-3-5-sonnet-20240620,directional_stimuli,rs_size_100,375,36.29644874247267,0.16102739952383122,0.2893285823884506
224,gpt-3.5-turbo-0125,least_to_most,rs_size_100,365,36.31437207225846,0.16487284325867257,0.18203309708129978
218,gpt-3.5-turbo-0125,generated_knowledge,rs_size_100,366,36.35585983846227,0.17655915965068716,0.18395441408110402
91,claude-3-sonnet-20240229,emotion_prompt,rs_size_100,375,36.364563602946816,0.3310774984696249,0.45244042088114933
476,llama3:8b,least_to_most,rs_size_150,48,36.36723594323006,0.8523629184643602,0.6978460886281517
259,gpt-3.5-turbo-0125,step_back_prompting,rs_size_100,345,36.368267871408804,0.1260161259843459,0.11281934358284618
230,gpt-3.5-turbo-0125,recursive_criticism_and_improvement,rs_size_100,365,36.38676483472826,0.2920575878727509,0.44232482151520147
253,gpt-3.5-turbo-0125,skeleton_of_thought,rs_size_100,368,36.39292706366379,0.19350221319996433,0.2704886496707166
554,mistral:7b,recursive_criticism_and_improvement,rs_size_5,47,36.4020142366485,0.5441037125306786,0.6680904479946308
538,mistral:7b,emotion_prompt,rs_size_50,55,36.42230160229433,0.11484343213426394,0.05441512914239999
623,mixtral:8x22b,rephrase_and_respond,rs_size_100,303,36.42927523846303,0.18146447771025306,0.14929689422528014
15,claude-3-5-sonnet-20240620,directional_stimuli,rs_size_25,375,36.496509900223415,0.07908072458553092,0.02742668615161814
108,claude-3-sonnet-20240229,recursive_criticism_and_improvement,rs_size_10,249,36.50475483366427,0.17395157880073558,0.09666918967427729
277,gpt-4o,directional_stimuli,rs_size_150,375,36.512219259814835,0.23945783735414242,0.2697958848585178
647,mixtral:8x22b,step_back_prompting,rs_size_100,274,36.53209825252301,0.22845991244834485,0.3291745421483733
72,claude-3-sonnet-20240229,chain_of_thought,rs_size_10,225,36.548184646126316,0.14833711015260814,0.06447512365926644
600,mixtral:8x22b,emotion_prompt,rs_size_150,337,36.55288716783625,0.4749605404054346,0.7004225029272789
109,claude-3-sonnet-20240229,recursive_criticism_and_improvement,rs_size_100,375,36.55698643085471,0.19875812095950238,0.16086848380331276
251,gpt-3.5-turbo-0125,self_consistency,rs_size_50,372,36.57307374641569,0.09015276903273912,0.03155338973405897
145,gemma:7b,chain_of_thought,rs_size_25,10,36.60365302074622,0.08367572600238933,0.021465543712504642
386,llama3:70b,directional_stimuli,rs_size_100,298,36.606257701989065,0.177220341771334,0.11179740728658638
17,claude-3-5-sonnet-20240620,directional_stimuli,rs_size_50,375,36.61378650063774,0.10267969804775742,0.09829263241504038
276,gpt-4o,directional_stimuli,rs_size_100,374,36.62843381923888,0.19853086980087248,0.1740963818288448
37,claude-3-5-sonnet-20240620,recursive_criticism_and_improvement,rs_size_100,375,36.637490886836886,0.1833105172773621,0.2436726232470956
648,mixtral:8x22b,step_back_prompting,rs_size_150,313,36.647569968826055,0.42245243916972935,0.8160833432870673
656,phi3:medium-128k,chain_of_verification,rs_size_10,183,36.649284784579905,0.15771346633652691,0.11376807523083898
642,mixtral:8x22b,skeleton_of_thought,rs_size_150,342,36.671223117826266,0.37656454603412454,0.8205820491377408
19,claude-3-5-sonnet-20240620,emotion_prompt,rs_size_100,375,36.69978718947815,0.2588158269516788,0.3917226546909567
564,mistral:7b,reverse_prompting,rs_size_5,49,36.725035503738994,0.7270245500822542,0.23698865252139534
610,mixtral:8x22b,least_to_most,rs_size_10,274,36.797489447836796,0.14902733334973325,0.09296341965267807
591,mixtral:8x22b,chain_of_verification,rs_size_50,238,36.80227642576821,0.9302854819205846,0.3107150630588247
115,claude-3-sonnet-20240229,rephrase_and_respond,rs_size_100,375,36.81700873316977,0.2109148735783531,0.2619100558948002
612,mixtral:8x22b,least_to_most,rs_size_150,293,36.83568018958302,0.3196883859997322,0.617551442387624
635,mixtral:8x22b,self_consistency,rs_size_100,275,36.85051496122044,0.13208943680123528,0.12040653467472828
194,gpt-3.5-turbo-0125,chain_of_thought,rs_size_10,156,36.8652990522748,0.19996333572253272,0.049731656466926344
633,mixtral:8x22b,reverse_prompting,rs_size_50,133,36.87103044870788,0.14613691243972604,0.04510342484385754
627,mixtral:8x22b,rephrase_and_respond,rs_size_50,323,36.88464711249156,0.0968412444012845,0.04866424598017183
308,gpt-4o,rephrase_and_respond,rs_size_25,375,36.89603856025009,0.08286705453018908,0.02690966089803326
196,gpt-3.5-turbo-0125,chain_of_thought,rs_size_150,148,36.914829702717874,0.2306693290067913,0.2723043498688573
206,gpt-3.5-turbo-0125,directional_stimuli,rs_size_100,369,36.94754985937584,0.2078548181315763,0.2048545164850284
87,claude-3-sonnet-20240229,directional_stimuli,rs_size_25,375,36.983669600068986,0.21724253903437793,0.25993380301020164
568,mistral:7b,self_consistency,rs_size_150,69,36.99892073267364,1.3399378121410415,0.8605199517271973
444,llama3:8b,chain_of_thought,rs_size_10,206,37.024984286673075,0.23009538204014612,0.11284096403344956
570,mistral:7b,self_consistency,rs_size_5,116,37.071138240571,0.11840180238896784,0.05429147045268312
532,mistral:7b,directional_stimuli,rs_size_50,30,37.07542564526885,0.1283305073197694,0.04574162778302937
673,phi3:medium-128k,recursive_criticism_and_improvement,rs_size_10,272,37.12301689722898,0.2540836287653561,0.19403700048324424
617,mixtral:8x22b,recursive_criticism_and_improvement,rs_size_100,129,37.13558656771986,0.21194711487484302,0.17777820622792828
205,gpt-3.5-turbo-0125,directional_stimuli,rs_size_10,366,37.142950343137926,0.11883677307390964,0.06036885667957259
247,gpt-3.5-turbo-0125,self_consistency,rs_size_100,348,37.152901711430474,0.0658668123968109,0.019388908930822346
499,llama3:8b,self_consistency,rs_size_100,278,37.15750757754483,0.22174530455373015,0.12290868238316754
445,llama3:8b,chain_of_thought,rs_size_100,187,37.159318173255144,0.2773545157594367,0.2165000170122815
652,phi3:medium-128k,chain_of_thought,rs_size_10,135,37.173139140129656,0.16920288725818106,0.0802575748868537
306,gpt-4o,rephrase_and_respond,rs_size_100,375,37.204894989544954,0.10079484874593041,0.05646288993477544
588,mixtral:8x22b,chain_of_verification,rs_size_150,300,37.25164580536891,0.36105267400754826,0.7317673530281729
451,llama3:8b,chain_of_verification,rs_size_100,148,37.255454726950454,0.2174255343341191,0.20025498674390096
598,mixtral:8x22b,emotion_prompt,rs_size_10,327,37.26829101052192,0.29916096590764213,0.2068208766745253
574,mistral:7b,skeleton_of_thought,rs_size_5,79,37.27368053062059,0.14971147334864662,0.12483210868510564
49,claude-3-5-sonnet-20240620,reverse_prompting,rs_size_100,375,37.29974711653869,0.1447162015138462,0.1750480963714891
636,mixtral:8x22b,self_consistency,rs_size_150,354,37.31499855802606,0.47745730587344226,0.8173173079300022
132,claude-3-sonnet-20240229,skeleton_of_thought,rs_size_10,250,37.323239433601344,0.1482242986961719,0.09039219182994018
616,mixtral:8x22b,recursive_criticism_and_improvement,rs_size_10,306,37.348700194685726,0.21680340579578955,0.12681217729264138
634,mixtral:8x22b,self_consistency,rs_size_10,295,37.34947127186928,0.11151728562944618,0.04972186243210053
606,mixtral:8x22b,generated_knowledge,rs_size_150,318,37.35621336620861,0.3098300536326506,0.5361548725149984
592,mixtral:8x22b,directional_stimuli,rs_size_10,345,37.36999967650699,0.2551826821998708,0.14023471807897647
618,mixtral:8x22b,recursive_criticism_and_improvement,rs_size_150,292,37.398873669643336,0.5238132653537574,0.1902048744251983
173,gemma:7b,rephrase_and_respond,rs_size_10,13,37.405992229607826,0.09658789045920277,0.04212520162436095
146,gemma:7b,chain_of_thought,rs_size_5,16,37.41640528989089,0.6938958489581236,0.8188397826326631
431,llama3:70b,self_consistency,rs_size_5,32,37.41642576042815,0.07607659666519458,0.02609495452271826
581,mixtral:8x22b,chain_of_thought,rs_size_100,171,37.419084636445426,0.8009222780193568,0.49276610584487235
260,gpt-3.5-turbo-0125,step_back_prompting,rs_size_150,369,37.46074297209674,0.14464809302413822,0.12656647794428633
160,gemma:7b,generated_knowledge,rs_size_100,131,37.470671994617014,0.11800739715105259,0.08858173137624581
392,llama3:70b,emotion_prompt,rs_size_100,371,37.47850379329998,0.23315282272287347,0.14875276375911484
629,mixtral:8x22b,reverse_prompting,rs_size_100,100,37.50358355737599,0.19833518463384733,0.13837277197796038
586,mixtral:8x22b,chain_of_verification,rs_size_10,176,37.51074136428428,0.25603462915742053,0.10954996301342512
565,mistral:7b,reverse_prompting,rs_size_50,111,37.51377530969944,0.15566355594850198,0.05592230517573915
469,llama3:8b,generated_knowledge,rs_size_100,335,37.52356832353111,0.21758696424968424,0.1261957715021116
686,phi3:medium-128k,self_consistency,rs_size_50,62,37.52561711120668,0.06571442464227452,0.015265918265749301
98,claude-3-sonnet-20240229,generated_knowledge,rs_size_150,375,37.54070862492716,0.13774265486619758,0.08988755172142038
282,gpt-4o,emotion_prompt,rs_size_100,375,37.55383026457061,0.146034588068561,0.11469852597840302
43,claude-3-5-sonnet-20240620,rephrase_and_respond,rs_size_100,375,37.583642296182596,0.17648927395379024,0.2026648099209658
558,mistral:7b,rephrase_and_respond,rs_size_25,92,37.586066657397396,0.27293863113871986,0.07808854366113183
248,gpt-3.5-turbo-0125,self_consistency,rs_size_150,365,37.60007455908658,0.1393430195179484,0.10396719314649072
31,claude-3-5-sonnet-20240620,least_to_most,rs_size_100,375,37.61194218395472,0.14183498496200553,0.1413483040272434
646,mixtral:8x22b,step_back_prompting,rs_size_10,315,37.64297315725537,0.13065293177088416,0.07471944280145393
58,claude-3-5-sonnet-20240620,self_consistency,rs_size_5,375,37.653031746123894,0.05420678790548073,0.012603177230372298
398,llama3:70b,generated_knowledge,rs_size_100,369,37.65540264059144,0.13305341573557294,0.101447424352477
587,mixtral:8x22b,chain_of_verification,rs_size_100,102,37.66621262954327,0.4418851712440154,0.5445165973581849
16,claude-3-5-sonnet-20240620,directional_stimuli,rs_size_5,375,37.72452680092584,0.08605074637378822,0.03860773715109089
428,llama3:70b,self_consistency,rs_size_100,174,37.76963304967015,0.13564038353778807,0.102809772677805
375,llama3:70b,chain_of_thought,rs_size_100,189,37.77756709240005,0.14907992752884522,0.1490206937508185
183,gemma:7b,self_consistency,rs_size_150,179,37.80827662838218,0.06128334087846653,0.012249896380329472
456,llama3:8b,directional_stimuli,rs_size_10,195,37.8238369046731,0.17129295677402573,0.05949681878813351
561,mistral:7b,reverse_prompting,rs_size_10,43,37.84683220761885,0.1295579310212476,0.04849888505263
690,phi3:medium-128k,skeleton_of_thought,rs_size_50,298,37.86100280156614,0.07926558955624897,0.007235364310007819
536,mistral:7b,emotion_prompt,rs_size_25,74,37.86153657783003,0.0923606820382225,0.04552949453471089
443,llama3:70b,step_back_prompting,rs_size_50,39,37.86716769391872,0.1333877359601843,0.07216955931383895
246,gpt-3.5-turbo-0125,self_consistency,rs_size_10,362,37.88591425264613,0.05870724735401175,0.015150441027242945
79,claude-3-sonnet-20240229,chain_of_verification,rs_size_100,375,37.89543145800538,0.08225538451914395,0.04568909646489838
582,mixtral:8x22b,chain_of_thought,rs_size_150,334,37.90172053305488,0.3769685903461201,0.6049387396375075
48,claude-3-5-sonnet-20240620,reverse_prompting,rs_size_10,374,37.93116926439762,0.05565466584773256,0.01641306803018172
455,llama3:8b,chain_of_verification,rs_size_50,110,37.93349059892007,0.1871980090328486,0.06767316859531336
541,mistral:7b,generated_knowledge,rs_size_25,73,37.94400861820062,0.2571094344487351,0.03297461340411467
7,claude-3-5-sonnet-20240620,chain_of_verification,rs_size_100,375,37.95359689483121,0.1361849631460688,0.13357106726319845
552,mistral:7b,recursive_criticism_and_improvement,rs_size_150,22,37.99221547809392,0.11608265743061179,0.041630827240493495
439,llama3:70b,step_back_prompting,rs_size_100,95,38.02735170231734,0.13283943870513718,0.11829863141194186
681,phi3:medium-128k,reverse_prompting,rs_size_25,50,38.03238896595652,0.06656063507647429,0.018212932761178857
526,mistral:7b,chain_of_verification,rs_size_5,42,38.03539774800123,0.43188210645568975,0.32697726713576547
434,llama3:70b,skeleton_of_thought,rs_size_100,224,38.03943545397252,0.157125071846917,0.1362683991318483
539,mistral:7b,generated_knowledge,rs_size_10,38,38.0434090246976,0.11172272980853205,0.07728475622845843
569,mistral:7b,self_consistency,rs_size_25,47,38.09346953258286,0.09993120696224081,0.020498360372837032
158,gemma:7b,emotion_prompt,rs_size_5,19,38.10481190620554,0.9701655153626348,0.9870096811606719
426,llama3:70b,reverse_prompting,rs_size_50,34,38.1224451622586,0.19990168209397766,0.03539416057268063
242,gpt-3.5-turbo-0125,reverse_prompting,rs_size_150,346,38.12578615278745,0.14538006665852476,0.09435063723165804
589,mixtral:8x22b,chain_of_verification,rs_size_25,78,38.16546040728126,0.08115453899607351,0.026716171865452276
187,gemma:7b,skeleton_of_thought,rs_size_150,46,38.23543148088794,0.24657074544962082,0.37579814452648364
199,gpt-3.5-turbo-0125,chain_of_verification,rs_size_10,82,38.239369362755674,0.24978248385242793,0.05697683431848444
575,mistral:7b,skeleton_of_thought,rs_size_50,34,38.24476525293798,0.07761422030466456,0.04056089908573446
1,claude-3-5-sonnet-20240620,chain_of_thought,rs_size_100,375,38.25518331398184,0.098057495255812,0.05815033108244849
343,llama2:13b,emotion_prompt,rs_size_10,203,38.25956024902898,0.07933681873295191,0.02575323579611455
557,mistral:7b,rephrase_and_respond,rs_size_150,105,38.28566022310815,0.32261470812518794,0.09231647818081834
577,mistral:7b,step_back_prompting,rs_size_25,27,38.31219545730117,0.15131202433786387,0.031497610559532374
318,gpt-4o,self_consistency,rs_size_100,326,38.326125650487384,0.11373990277795665,0.09229969770259916
540,mistral:7b,generated_knowledge,rs_size_150,34,38.35709128264475,2.2228080477588605,1.0346685760586056
548,mistral:7b,least_to_most,rs_size_5,25,38.389156498418366,0.2812592671615533,0.23155960838587464
517,mistral:7b,chain_of_thought,rs_size_100,25,38.38915649844421,0.2309025244344893,0.32244477910618774
530,mistral:7b,directional_stimuli,rs_size_25,26,38.40325479918017,0.08188959713914258,0.024016131628274984
340,llama2:13b,chain_of_verification,rs_size_5,105,38.407783625971895,0.5283394904089109,0.42377190131209264
25,claude-3-5-sonnet-20240620,generated_knowledge,rs_size_100,375,38.408413753346586,0.10776401229897338,0.07670397732693979
413,llama3:70b,recursive_criticism_and_improvement,rs_size_5,109,38.425307931850355,0.12906867047561293,0.08237921623214128
410,llama3:70b,recursive_criticism_and_improvement,rs_size_100,104,38.43595538168904,0.06612044012464656,0.023875727968771354
385,llama3:70b,directional_stimuli,rs_size_10,85,38.440808942564715,0.21693639132704626,0.1789628038367126
372,llama2:13b,step_back_prompting,rs_size_5,75,38.46173237653136,0.4831665244162152,0.3640747930277536
494,llama3:8b,reverse_prompting,rs_size_150,23,38.472538107383265,1.551502878810141,0.9875223222619247
152,gemma:7b,directional_stimuli,rs_size_100,23,38.47253810738328,0.2250313336049626,0.4243805604912635
164,gemma:7b,least_to_most,rs_size_100,26,38.476698741675705,0.17523005370820469,0.261456543825511
422,llama3:70b,reverse_prompting,rs_size_100,50,38.48472559370265,0.27300499067074485,0.17037880908187053
534,mistral:7b,emotion_prompt,rs_size_100,24,38.48774075801091,1.5148593815895643,0.9601451546623566
63,claude-3-5-sonnet-20240620,skeleton_of_thought,rs_size_25,375,38.49591407408676,0.06306917993228638,0.015153951973954305
384,llama3:70b,chain_of_verification,rs_size_50,100,38.5108072483693,0.10006085412161306,0.019967496030161014
545,mistral:7b,least_to_most,rs_size_100,22,38.516989869954116,0.1340198108281704,0.0914641718618372
178,gemma:7b,reverse_prompting,rs_size_100,97,38.52502714798399,0.12216626790158244,0.10204398969028405
525,mistral:7b,chain_of_verification,rs_size_25,23,38.53281177525805,0.08086728284335122,0.048040564762154236
655,phi3:medium-128k,chain_of_thought,rs_size_50,51,38.53542759934773,0.07965367248243542,0.010644663853296654
484,llama3:8b,recursive_criticism_and_improvement,rs_size_5,47,38.61716103102037,0.6129162770868766,0.5616447256286798
67,claude-3-5-sonnet-20240620,step_back_prompting,rs_size_100,375,38.624459357296786,0.07877633378917416,0.033191619812221074
404,llama3:70b,least_to_most,rs_size_100,53,38.64640382328177,0.13197779407882382,0.09695500768718635
527,mistral:7b,chain_of_verification,rs_size_50,19,38.66359334414597,0.16062563324335272,0.24736928399221814
339,llama2:13b,chain_of_verification,rs_size_25,85,38.66382497013177,0.10826693220340614,0.03340809847018056
156,gemma:7b,emotion_prompt,rs_size_100,23,38.67610903030166,0.2377909245625746,0.412585641886546
73,claude-3-sonnet-20240229,chain_of_thought,rs_size_100,325,38.71904647240381,0.10383312163520328,0.05032795986287364
127,claude-3-sonnet-20240229,self_consistency,rs_size_100,375,38.732734628182065,0.04154486299147268,0.004737664437755473
133,claude-3-sonnet-20240229,skeleton_of_thought,rs_size_100,325,38.73769785065581,0.07208785184715819,0.029361258904360366
553,mistral:7b,recursive_criticism_and_improvement,rs_size_25,17,38.77481897921159,2.6039040330825998,0.7615064319275262
174,gemma:7b,rephrase_and_respond,rs_size_100,17,38.77481897925621,0.21247715919493199,0.08316197019850313
551,mistral:7b,recursive_criticism_and_improvement,rs_size_100,20,38.8202442039264,0.3837612867073407,1.3232384908828734
479,llama3:8b,least_to_most,rs_size_50,20,38.88955892198242,0.09552079120751654,0.007356004665205251
162,gemma:7b,generated_knowledge,rs_size_5,28,38.89766538514601,0.6494951867725008,0.6096672198411985
61,claude-3-5-sonnet-20240620,skeleton_of_thought,rs_size_100,375,38.947893055869606,0.06695151350051796,0.02377611153038317
191,gemma:7b,step_back_prompting,rs_size_100,50,38.956607717818486,0.11161100941792003,0.09973933252234479
55,claude-3-5-sonnet-20240620,self_consistency,rs_size_100,375,38.95805738610234,0.05445279944127092,0.014532760892746133
563,mistral:7b,reverse_prompting,rs_size_25,16,39.04143340519785,0.07498046720466973,0.019141250404784982
368,llama2:13b,skeleton_of_thought,rs_size_25,89,39.04565740441304,0.08690802234112009,0.013169867349384967
52,claude-3-5-sonnet-20240620,reverse_prompting,rs_size_5,375,39.0573461801604,0.0669799033054713,0.021108844778321645
148,gemma:7b,chain_of_verification,rs_size_100,65,39.07363800961619,0.07294769068004252,0.023401805486284122
511,llama3:8b,step_back_prompting,rs_size_100,14,39.16701704528566,0.15820041252667424,0.18126254558362742
335,llama2:13b,chain_of_thought,rs_size_10,142,39.19379252802614,0.07850034247559988,0.02370784300759121
364,llama2:13b,reverse_prompting,rs_size_5,30,39.23798819345109,0.4209368979321147,0.318751711886471
124,claude-3-sonnet-20240229,reverse_prompting,rs_size_5,243,39.28930493730011,0.10764940107501475,0.022162203851445517
522,mistral:7b,chain_of_verification,rs_size_10,17,39.29487864454274,0.23303314578800233,0.022079247964092774
579,mistral:7b,step_back_prompting,rs_size_50,10,39.305447230318386,0.1387137504901276,0.12586504645456875
144,gemma:7b,chain_of_thought,rs_size_10,22,39.320718443340056,0.2608000647695597,0.08726225577853275
151,gemma:7b,directional_stimuli,rs_size_10,16,39.38800699547772,0.11825062300532511,0.06467134448089351
523,mistral:7b,chain_of_verification,rs_size_100,9,39.41080774597621,0.4931980164247461,0.33071631602975626
371,llama2:13b,step_back_prompting,rs_size_25,82,39.411770395292606,0.0555112213016809,0.008851116047068341
562,mistral:7b,reverse_prompting,rs_size_150,30,39.51755444797652,0.4056857935670472,0.6023685205043308
543,mistral:7b,generated_knowledge,rs_size_50,8,39.528590781536316,1.805681352235508,0.09966457133321516
695,phi3:mini-128k,chain_of_thought,rs_size_100,8,39.52859078163259,0.08073166866672213,0.02716092837060935
168,gemma:7b,recursive_criticism_and_improvement,rs_size_10,24,39.565092746580326,0.10524051133005015,0.06112167073308661
163,gemma:7b,least_to_most,rs_size_10,12,39.628827805878096,0.16782904718750383,0.13824504393679815
669,phi3:medium-128k,generated_knowledge,rs_size_50,7,39.66212217425711,0.7760789873228059,0.19304510704741595
97,claude-3-sonnet-20240229,generated_knowledge,rs_size_100,374,39.669255796480954,0.051327735755502424,0.008749778109840456
338,llama2:13b,chain_of_verification,rs_size_10,70,39.671394639093805,0.13850326636965568,0.07785918415833182
510,llama3:8b,step_back_prompting,rs_size_10,17,39.68262415822636,0.09948760932976808,0.04990299050382041
185,gemma:7b,self_consistency,rs_size_5,18,39.699995488803175,0.792840465774603,0.8312961869348393
357,llama2:13b,recursive_criticism_and_improvement,rs_size_50,10,39.7736603530308,0.1355481306844592,0.12586848627928227
711,phi3:mini-128k,rephrase_and_respond,rs_size_25,7,39.86016422584581,0.11283823514894145,0.09784052014533651
153,gemma:7b,directional_stimuli,rs_size_25,8,39.94057038988312,0.28119388669378365,0.1452306337611411
533,mistral:7b,emotion_prompt,rs_size_10,5,39.99859441087831,0.25146763573647724,0.24032374036334203
373,llama2:13b,step_back_prompting,rs_size_50,5,39.99859441087832,0.13377263926110614,0.0936528105079466
547,mistral:7b,least_to_most,rs_size_25,5,39.99859441087832,3.127823000435409,0.6654005938197762
181,gemma:7b,reverse_prompting,rs_size_50,5,39.99859441087833,0.07762066108923002,0.02330897410266841
175,gemma:7b,rephrase_and_respond,rs_size_25,12,40.01900540813835,0.06033065097883165,0.010309110355320783
179,gemma:7b,reverse_prompting,rs_size_25,6,40.047321914270825,0.06468894539287137,0.01321493244932781
149,gemma:7b,chain_of_verification,rs_size_25,6,40.04732191427101,0.07895318827611852,0.02136757431058678
350,llama2:13b,generated_knowledge,rs_size_50,6,40.047321914271016,0.16544215828270364,0.1473554711622267
177,gemma:7b,reverse_prompting,rs_size_10,10,40.05091922525477,0.14058804167078293,0.10336963200927252
176,gemma:7b,rephrase_and_respond,rs_size_5,27,40.19545700131312,0.8418019581339113,1.0662361465429766
180,gemma:7b,reverse_prompting,rs_size_5,11,40.218351131328546,0.8889882410892257,1.115033147019006
441,llama3:70b,step_back_prompting,rs_size_25,4,40.22173796219252,0.18477114126995736,0.18360392248382973
425,llama3:70b,reverse_prompting,rs_size_5,4,40.22173796219253,0.3999747110470374,0.91539488960379
154,gemma:7b,directional_stimuli,rs_size_5,15,40.24558483812034,0.9800663298450568,1.2348454673406342
193,gemma:7b,step_back_prompting,rs_size_5,18,40.30816259029928,0.8865646480077921,1.1268633671573278
186,gemma:7b,skeleton_of_thought,rs_size_10,10,40.32817809747875,0.08942319878193265,0.02457519522281193
170,gemma:7b,recursive_criticism_and_improvement,rs_size_150,3,40.50942003464431,1.2044224713536242,1.1697659142627619
529,mistral:7b,directional_stimuli,rs_size_100,3,40.50942003464431,0.0877629849609988,0.025183999580822736
700,phi3:mini-128k,directional_stimuli,rs_size_5,3,40.50942003464431,0.25746024370514825,0.178055592410159
341,llama2:13b,chain_of_verification,rs_size_50,3,40.50942003464431,0.1320947364930198,0.10479866945178395
702,phi3:mini-128k,emotion_prompt,rs_size_5,3,40.50942003464431,0.3726976942351626,0.4809154839453038
694,phi3:medium-128k,step_back_prompting,rs_size_50,3,40.50942003464431,0.7280184775046873,0.4125765099533256
169,gemma:7b,recursive_criticism_and_improvement,rs_size_100,3,40.509420034644315,0.20216589319012312,0.5190570688263414
361,llama2:13b,rephrase_and_respond,rs_size_50,3,40.509420034644315,0.11866515275351719,0.048552317347327234
172,gemma:7b,recursive_criticism_and_improvement,rs_size_5,22,40.511456889038165,1.1484922158334914,1.2446236745950543
166,gemma:7b,least_to_most,rs_size_5,13,40.51743284953289,1.0942034566237655,1.3449725937693926
150,gemma:7b,chain_of_verification,rs_size_5,15,40.545496915250915,1.0103912516572089,1.2757045022650733
189,gemma:7b,skeleton_of_thought,rs_size_5,7,40.65233243219984,0.9694777999521781,1.2078931087296438
165,gemma:7b,least_to_most,rs_size_25,8,40.70777627193856,0.08183372415163026,0.023115476053437556
698,phi3:mini-128k,chain_of_verification,rs_size_150,2,40.914885142752475,0.08575894488945941,0.018642094535553877
701,phi3:mini-128k,emotion_prompt,rs_size_150,2,40.914885142752475,1.1942453458855666,0.43515452441856906
713,phi3:mini-128k,reverse_prompting,rs_size_25,2,40.914885142752475,0.17508883184054017,0.23180504567970006
192,gemma:7b,step_back_prompting,rs_size_25,2,40.914885142752475,0.08939908355544064,0.026491076134607328
524,mistral:7b,chain_of_verification,rs_size_150,2,40.914885142752475,2.4352334224449987,1.4834314519628564
184,gemma:7b,self_consistency,rs_size_25,2,40.914885142752475,0.26143991211778805,0.3817064503108992
703,phi3:mini-128k,least_to_most,rs_size_150,2,40.91488514275248,0.37319111270764443,1.3375852457067614
171,gemma:7b,recursive_criticism_and_improvement,rs_size_25,9,40.924293417463666,0.07716405881748845,0.019773628872916893
190,gemma:7b,step_back_prompting,rs_size_10,5,40.935020656303166,0.14482311022083458,0.12402246935592087
706,phi3:mini-128k,recursive_criticism_and_improvement,rs_size_25,3,40.97151815501761,0.13427075519125667,0.09879171112305651
182,gemma:7b,self_consistency,rs_size_100,1,41.60803231929504,0.1475348957152654,0.2642943552855952
712,phi3:mini-128k,reverse_prompting,rs_size_100,1,41.60803231929504,1.419332936288559,1.8262471597360486
699,phi3:mini-128k,directional_stimuli,rs_size_150,1,41.60803231929504,3.9086949163310694,1.8262486713601316
167,gemma:7b,least_to_most,rs_size_50,1,41.60803231929504,0.2162758580391941,0.4090317771857537
188,gemma:7b,skeleton_of_thought,rs_size_25,1,41.60803231929505,0.08109295153947646,0.02322266986676147
709,phi3:mini-128k,rephrase_and_respond,rs_size_100,1,41.60803231929505,0.09723972384837883,0.03728821725637399
715,phi3:mini-128k,skeleton_of_thought,rs_size_5,1,41.608032319295525,0.6530584444612477,1.8252077450158313
697,phi3:mini-128k,chain_of_verification,rs_size_100,1,41.608032319295525,0.09665572990628124,0.038736883244417264
567,mistral:7b,self_consistency,rs_size_100,1,41.608032319295525,0.25637379556448664,0.7791748809159103
714,phi3:mini-128k,self_consistency,rs_size_10,1,41.60803231929557,0.08304310278762651,0.026821033084012624
659,phi3:medium-128k,chain_of_verification,rs_size_50,1,41.60803231929557,0.11575897306586112,0.05085601448756494
710,phi3:mini-128k,rephrase_and_respond,rs_size_150,1,41.60803231929557,0.11829423767720908,0.0816208372081828
705,phi3:mini-128k,recursive_criticism_and_improvement,rs_size_150,1,41.60803231929557,0.10295042794058737,0.04654726093539763
696,phi3:mini-128k,chain_of_verification,rs_size_10,1,41.60803231929557,0.08304310278762651,0.026821033084012624
679,phi3:medium-128k,rephrase_and_respond,rs_size_50,1,41.60803231929557,0.08486891006458401,0.028246757973019676
716,phi3:mini-128k,step_back_prompting,rs_size_150,1,41.608032319295575,0.09409765107347698,0.04021332837799019
704,phi3:mini-128k,least_to_most,rs_size_25,1,41.608032319295575,0.08152742223559777,0.022924242487865065
346,llama2:13b,emotion_prompt,rs_size_50,1,41.608032319295575,0.13496599944335605,0.135027739782426
519,mistral:7b,chain_of_thought,rs_size_25,1,41.608032319295575,0.08152742223559777,0.022924242487865065
518,mistral:7b,chain_of_thought,rs_size_150,1,41.608032319295575,0.5240645780437461,1.7982327338160253
159,gemma:7b,emotion_prompt,rs_size_50,1,41.608032319295575,2.8883735895875624,1.8262486713601316
707,phi3:mini-128k,recursive_criticism_and_improvement,rs_size_5,1,41.608032319295575,0.7504604567566426,1.8166621904033147
342,llama2:13b,directional_stimuli,rs_size_50,1,41.608032319295575,0.14258600415238015,0.1117889458915986
367,llama2:13b,self_consistency,rs_size_50,4,,0.16098589907829572,0.20800245937527007
573,mistral:7b,skeleton_of_thought,rs_size_150,26,,0.5497274722486597,1.671619629195559
576,mistral:7b,step_back_prompting,rs_size_100,4,,12.139743426836072,0.2926797425334705
