,model,sample_size,n_samples,KL Divergence,Wasserstein,MMD
0,claude-3-5-sonnet-20240620,rs_size_10,4498,5.272286989881475,0.05781597311394349,0.018011400733567662
10,claude-3-sonnet-20240229,rs_size_5,3455,6.912698502910337,0.22956216441047925,0.06902786487982437
25,gpt-4o,rs_size_100,4065,6.990900389811545,0.18951139836684477,0.09909816383940817
26,gpt-4o,rs_size_150,3965,7.399336039789878,0.28667732161470333,0.15878919533589242
56,mixtral:8x22b,rs_size_5,2908,7.937686013617978,0.35501646868896175,0.1521006772535387
29,gpt-4o,rs_size_50,4001,8.033333276564804,0.20131340139270756,0.05529687365696856
27,gpt-4o,rs_size_25,3723,8.083832534376185,0.11213607848702775,0.026115426894183003
23,gpt-3.5-turbo-0125,rs_size_50,4049,8.502333653718619,0.15265155423628235,0.0760519607644039
55,mixtral:8x22b,rs_size_25,2955,8.522591898102997,0.10174237809877804,0.04070732521773701
57,mixtral:8x22b,rs_size_50,3363,8.659685118828875,0.20034689451683868,0.06482474301620789
9,claude-3-sonnet-20240229,rs_size_25,4069,9.109916879447232,0.13243840572450633,0.0522282924856734
22,gpt-3.5-turbo-0125,rs_size_5,3809,9.574223310527207,0.22482834179584202,0.08487737446448396
59,phi3:medium-128k,rs_size_25,3432,9.716437179329445,0.0727465170060032,0.02115177044585237
8,claude-3-sonnet-20240229,rs_size_150,4353,9.926148669501066,0.29455216702518755,0.2162062932422668
19,gpt-3.5-turbo-0125,rs_size_100,3662,10.066114608136061,0.19296887465780996,0.21544073091922367
5,claude-3-5-sonnet-20240620,rs_size_50,4500,10.295814197373595,0.06972822714592086,0.020198463112376608
18,gpt-3.5-turbo-0125,rs_size_10,3791,10.456553437438714,0.09725738782437639,0.027620920532383852
43,llama3:8b,rs_size_25,2352,10.849917230371865,0.11392744800021272,0.03586536944892971
11,claude-3-sonnet-20240229,rs_size_50,4344,10.971053292144877,0.1733829773261255,0.0657810252801001
6,claude-3-sonnet-20240229,rs_size_10,3736,11.112261909753354,0.2254301688228615,0.10575452685916131
28,gpt-4o,rs_size_5,3773,11.330722132078378,0.29229769979638026,0.10263116508994163
24,gpt-4o,rs_size_10,3971,12.132701618998015,0.23712849099983094,0.08994253970824428
50,mistral:7b,rs_size_5,914,12.436720340590645,0.3453605212060475,0.18389185835388688
3,claude-3-5-sonnet-20240620,rs_size_25,4500,12.60241061369623,0.05844894296866358,0.014045252377676176
58,phi3:medium-128k,rs_size_10,3328,13.275346002516331,0.19885516173135034,0.1178825324277255
46,mistral:7b,rs_size_10,544,13.858142640717286,0.15547134373046514,0.05608069984883568
52,mixtral:8x22b,rs_size_10,3059,14.31351589243078,0.18281605250076274,0.109857841271781
7,claude-3-sonnet-20240229,rs_size_100,4243,14.769734687176726,0.2276041321942785,0.13167707566807385
30,llama2:13b,rs_size_10,1239,15.053981976329966,0.19598582900009465,0.05214795095523761
36,llama3:70b,rs_size_150,3038,15.205986636765232,0.1962853767240944,0.10729222220638812
32,llama2:13b,rs_size_5,1091,15.376638647966784,0.5112747587097661,0.27587423783091347
41,llama3:8b,rs_size_100,2323,15.501386522843514,0.24530700761168692,0.17095194970980798
2,claude-3-5-sonnet-20240620,rs_size_150,4499,15.6438234647719,0.16984945571336718,0.11249708711307371
51,mistral:7b,rs_size_50,707,15.655071118562232,0.1348542924400419,0.03885837592889185
45,llama3:8b,rs_size_50,2250,15.72649339765142,0.23784237506970166,0.06956994765275493
35,llama3:70b,rs_size_100,2347,15.924117400858991,0.16143543363207755,0.11816967653244159
40,llama3:8b,rs_size_10,2259,16.22143552152924,0.2012878837807531,0.08798628245446216
38,llama3:70b,rs_size_5,1230,16.860366085752425,0.6179763072139767,0.31330339983385846
34,llama3:70b,rs_size_10,1453,18.11392345451731,0.16628617437915075,0.10704056345557378
53,mixtral:8x22b,rs_size_100,2858,18.199201935908867,0.29826209541685983,0.24940928357364311
21,gpt-3.5-turbo-0125,rs_size_25,3813,20.537828515868384,0.101488288582432,0.04531587390131109
42,llama3:8b,rs_size_150,2017,20.82770506717903,0.4160992445815879,0.23785111812145643
20,gpt-3.5-turbo-0125,rs_size_150,3956,20.849498740467503,0.25112086007546336,0.24580498410334806
60,phi3:medium-128k,rs_size_5,3295,21.912851216911047,0.5640273532932009,0.3890084260844002
39,llama3:70b,rs_size_50,1997,22.239125924490892,0.2751248291240806,0.14052308343495712
44,llama3:8b,rs_size_5,2196,24.695539137234494,0.8020711899950383,0.4929958118507262
48,mistral:7b,rs_size_150,365,24.872715536061897,0.8384837039845738,0.3496487968519627
47,mistral:7b,rs_size_100,227,28.497394365659844,0.556284272327089,0.2548014237067233
54,mixtral:8x22b,rs_size_150,3775,29.34471266999484,0.40596737056702825,0.6301656425975455
4,claude-3-5-sonnet-20240620,rs_size_5,4500,30.05827731262824,0.04475506818978104,0.012730078511978826
67,phi3:mini-128k,rs_size_50,15,30.12596660795556,0.7781848294043179,0.2558317935246146
37,llama3:70b,rs_size_25,1632,31.511336764474226,0.10490292943273083,0.04579775203862946
15,gemma:7b,rs_size_25,102,35.01448912772526,0.07049799668708534,0.01084267202230027
49,mistral:7b,rs_size_25,401,35.9307522370416,0.2881228077895991,0.03441853194750877
1,claude-3-5-sonnet-20240620,rs_size_100,4500,37.29469972843737,0.1313991934250239,0.1179277641856642
16,gemma:7b,rs_size_5,209,37.58120020983552,0.8879741960501636,0.9865829777589153
61,phi3:medium-128k,rs_size_50,423,37.95510026236015,0.0828007013476675,0.005546705834595267
12,gemma:7b,rs_size_10,136,38.22512384680775,0.291697008217441,0.05375782945144514
13,gemma:7b,rs_size_100,436,38.472420617384984,0.12124078456594767,0.10205232947921439
63,phi3:mini-128k,rs_size_100,11,39.21013705051405,0.19452263552450724,0.026944527433963694
14,gemma:7b,rs_size_150,228,39.259425197676265,0.0961731569443356,0.014183015838233892
64,phi3:mini-128k,rs_size_150,10,39.305447230318364,0.7266711332083109,0.13661604288707307
66,phi3:mini-128k,rs_size_5,8,39.87516437191262,0.3759274471619335,0.4326959312595241
65,phi3:mini-128k,rs_size_25,13,40.123574787495215,0.10794337077785353,0.08935862221693958
31,llama2:13b,rs_size_25,897,40.296090602962565,0.06024523613299176,0.006300714260347728
17,gemma:7b,rs_size_50,7,40.33099806384627,0.4595923989940092,0.04777064841982459
62,phi3:mini-128k,rs_size_10,2,41.60803231929557,0.08304310278762651,0.026821033084012624
33,llama2:13b,rs_size_50,33,,0.13948460506015228,0.11049895809800248
